[
{
  "model": "auth.permission",
  "pk": 1,
  "fields": {
    "name": "Can add log entry",
    "content_type": 1,
    "codename": "add_logentry"
  }
},
{
  "model": "auth.permission",
  "pk": 2,
  "fields": {
    "name": "Can change log entry",
    "content_type": 1,
    "codename": "change_logentry"
  }
},
{
  "model": "auth.permission",
  "pk": 3,
  "fields": {
    "name": "Can delete log entry",
    "content_type": 1,
    "codename": "delete_logentry"
  }
},
{
  "model": "auth.permission",
  "pk": 4,
  "fields": {
    "name": "Can view log entry",
    "content_type": 1,
    "codename": "view_logentry"
  }
},
{
  "model": "auth.permission",
  "pk": 5,
  "fields": {
    "name": "Can add permission",
    "content_type": 2,
    "codename": "add_permission"
  }
},
{
  "model": "auth.permission",
  "pk": 6,
  "fields": {
    "name": "Can change permission",
    "content_type": 2,
    "codename": "change_permission"
  }
},
{
  "model": "auth.permission",
  "pk": 7,
  "fields": {
    "name": "Can delete permission",
    "content_type": 2,
    "codename": "delete_permission"
  }
},
{
  "model": "auth.permission",
  "pk": 8,
  "fields": {
    "name": "Can view permission",
    "content_type": 2,
    "codename": "view_permission"
  }
},
{
  "model": "auth.permission",
  "pk": 9,
  "fields": {
    "name": "Can add group",
    "content_type": 3,
    "codename": "add_group"
  }
},
{
  "model": "auth.permission",
  "pk": 10,
  "fields": {
    "name": "Can change group",
    "content_type": 3,
    "codename": "change_group"
  }
},
{
  "model": "auth.permission",
  "pk": 11,
  "fields": {
    "name": "Can delete group",
    "content_type": 3,
    "codename": "delete_group"
  }
},
{
  "model": "auth.permission",
  "pk": 12,
  "fields": {
    "name": "Can view group",
    "content_type": 3,
    "codename": "view_group"
  }
},
{
  "model": "auth.permission",
  "pk": 13,
  "fields": {
    "name": "Can add content type",
    "content_type": 4,
    "codename": "add_contenttype"
  }
},
{
  "model": "auth.permission",
  "pk": 14,
  "fields": {
    "name": "Can change content type",
    "content_type": 4,
    "codename": "change_contenttype"
  }
},
{
  "model": "auth.permission",
  "pk": 15,
  "fields": {
    "name": "Can delete content type",
    "content_type": 4,
    "codename": "delete_contenttype"
  }
},
{
  "model": "auth.permission",
  "pk": 16,
  "fields": {
    "name": "Can view content type",
    "content_type": 4,
    "codename": "view_contenttype"
  }
},
{
  "model": "auth.permission",
  "pk": 17,
  "fields": {
    "name": "Can add session",
    "content_type": 5,
    "codename": "add_session"
  }
},
{
  "model": "auth.permission",
  "pk": 18,
  "fields": {
    "name": "Can change session",
    "content_type": 5,
    "codename": "change_session"
  }
},
{
  "model": "auth.permission",
  "pk": 19,
  "fields": {
    "name": "Can delete session",
    "content_type": 5,
    "codename": "delete_session"
  }
},
{
  "model": "auth.permission",
  "pk": 20,
  "fields": {
    "name": "Can view session",
    "content_type": 5,
    "codename": "view_session"
  }
},
{
  "model": "auth.permission",
  "pk": 21,
  "fields": {
    "name": "Can add 权限",
    "content_type": 6,
    "codename": "add_permission"
  }
},
{
  "model": "auth.permission",
  "pk": 22,
  "fields": {
    "name": "Can change 权限",
    "content_type": 6,
    "codename": "change_permission"
  }
},
{
  "model": "auth.permission",
  "pk": 23,
  "fields": {
    "name": "Can delete 权限",
    "content_type": 6,
    "codename": "delete_permission"
  }
},
{
  "model": "auth.permission",
  "pk": 24,
  "fields": {
    "name": "Can view 权限",
    "content_type": 6,
    "codename": "view_permission"
  }
},
{
  "model": "auth.permission",
  "pk": 25,
  "fields": {
    "name": "Can add 角色",
    "content_type": 7,
    "codename": "add_role"
  }
},
{
  "model": "auth.permission",
  "pk": 26,
  "fields": {
    "name": "Can change 角色",
    "content_type": 7,
    "codename": "change_role"
  }
},
{
  "model": "auth.permission",
  "pk": 27,
  "fields": {
    "name": "Can delete 角色",
    "content_type": 7,
    "codename": "delete_role"
  }
},
{
  "model": "auth.permission",
  "pk": 28,
  "fields": {
    "name": "Can view 角色",
    "content_type": 7,
    "codename": "view_role"
  }
},
{
  "model": "auth.permission",
  "pk": 29,
  "fields": {
    "name": "Can add 组织架构",
    "content_type": 8,
    "codename": "add_organization"
  }
},
{
  "model": "auth.permission",
  "pk": 30,
  "fields": {
    "name": "Can change 组织架构",
    "content_type": 8,
    "codename": "change_organization"
  }
},
{
  "model": "auth.permission",
  "pk": 31,
  "fields": {
    "name": "Can delete 组织架构",
    "content_type": 8,
    "codename": "delete_organization"
  }
},
{
  "model": "auth.permission",
  "pk": 32,
  "fields": {
    "name": "Can view 组织架构",
    "content_type": 8,
    "codename": "view_organization"
  }
},
{
  "model": "auth.permission",
  "pk": 33,
  "fields": {
    "name": "Can add 用户",
    "content_type": 9,
    "codename": "add_user"
  }
},
{
  "model": "auth.permission",
  "pk": 34,
  "fields": {
    "name": "Can change 用户",
    "content_type": 9,
    "codename": "change_user"
  }
},
{
  "model": "auth.permission",
  "pk": 35,
  "fields": {
    "name": "Can delete 用户",
    "content_type": 9,
    "codename": "delete_user"
  }
},
{
  "model": "auth.permission",
  "pk": 36,
  "fields": {
    "name": "Can view 用户",
    "content_type": 9,
    "codename": "view_user"
  }
},
{
  "model": "contenttypes.contenttype",
  "pk": 1,
  "fields": {
    "app_label": "admin",
    "model": "logentry"
  }
},
{
  "model": "contenttypes.contenttype",
  "pk": 2,
  "fields": {
    "app_label": "auth",
    "model": "permission"
  }
},
{
  "model": "contenttypes.contenttype",
  "pk": 3,
  "fields": {
    "app_label": "auth",
    "model": "group"
  }
},
{
  "model": "contenttypes.contenttype",
  "pk": 4,
  "fields": {
    "app_label": "contenttypes",
    "model": "contenttype"
  }
},
{
  "model": "contenttypes.contenttype",
  "pk": 5,
  "fields": {
    "app_label": "sessions",
    "model": "session"
  }
},
{
  "model": "contenttypes.contenttype",
  "pk": 6,
  "fields": {
    "app_label": "system",
    "model": "permission"
  }
},
{
  "model": "contenttypes.contenttype",
  "pk": 7,
  "fields": {
    "app_label": "system",
    "model": "role"
  }
},
{
  "model": "contenttypes.contenttype",
  "pk": 8,
  "fields": {
    "app_label": "system",
    "model": "organization"
  }
},
{
  "model": "contenttypes.contenttype",
  "pk": 9,
  "fields": {
    "app_label": "system",
    "model": "user"
  }
},
{
  "model": "system.permission",
  "pk": 1,
  "fields": {
    "create_time": "2022-12-11T23:00:34.363",
    "update_time": "2022-12-21T03:14:52.937",
    "title": "系统管理",
    "parent": null,
    "is_menu": true,
    "method": "",
    "url_path": "",
    "icon": "setting-outlined",
    "component": "@/layout/BasicLayout.vue",
    "path": "/system",
    "redirect": "/server/monitor",
    "is_visible": true
  }
},
{
  "model": "system.permission",
  "pk": 2,
  "fields": {
    "create_time": "2022-12-11T23:03:50.880",
    "update_time": "2022-12-21T03:15:27.238",
    "title": "权限管理",
    "parent": 1,
    "is_menu": true,
    "method": "",
    "url_path": "",
    "icon": "safety-outlined",
    "component": "@/views/system/permission/PermissionList.vue",
    "path": "/permissions/list",
    "redirect": "",
    "is_visible": true
  }
},
{
  "model": "system.permission",
  "pk": 3,
  "fields": {
    "create_time": "2022-12-11T23:49:30.338",
    "update_time": "2022-12-21T03:15:19.285",
    "title": "角色管理",
    "parent": 1,
    "is_menu": true,
    "method": "",
    "url_path": "",
    "icon": "team-outlined",
    "component": "@/views/system/role/RoleList.vue",
    "path": "/roles/list",
    "redirect": "",
    "is_visible": true
  }
},
{
  "model": "system.permission",
  "pk": 4,
  "fields": {
    "create_time": "2022-12-11T23:50:20.159",
    "update_time": "2022-12-21T03:15:14.154",
    "title": "用户管理",
    "parent": 1,
    "is_menu": true,
    "method": "",
    "url_path": "",
    "icon": "user-outlined",
    "component": "@/views/system/user/UserList.vue",
    "path": "/users/list",
    "redirect": "",
    "is_visible": true
  }
},
{
  "model": "system.permission",
  "pk": 5,
  "fields": {
    "create_time": "2022-12-11T23:51:55.072",
    "update_time": "2022-12-21T03:13:13.610",
    "title": "部门管理",
    "parent": 1,
    "is_menu": true,
    "method": "",
    "url_path": "",
    "icon": "home-outlined",
    "component": "@/views/system/organization/OrganizationList.vue",
    "path": "/organizations/list",
    "redirect": "",
    "is_visible": true
  }
},
{
  "model": "system.permission",
  "pk": 6,
  "fields": {
    "create_time": "2022-12-11T23:56:13.453",
    "update_time": "2022-12-21T03:15:03.897",
    "title": "服务器性能监控",
    "parent": 1,
    "is_menu": true,
    "method": "",
    "url_path": "",
    "icon": "cloud-server-outlined",
    "component": "@/views/system/server/ServerMonitor.vue",
    "path": "/server/monitor",
    "redirect": "",
    "is_visible": true
  }
},
{
  "model": "system.permission",
  "pk": 7,
  "fields": {
    "create_time": "2022-12-12T00:01:29.545",
    "update_time": "2022-12-12T00:01:29.545",
    "title": "新增权限",
    "parent": 2,
    "is_menu": false,
    "method": "POST",
    "url_path": "/system/permissions/",
    "icon": "",
    "component": "",
    "path": "",
    "redirect": "",
    "is_visible": true
  }
},
{
  "model": "system.permission",
  "pk": 8,
  "fields": {
    "create_time": "2022-12-12T00:02:04.900",
    "update_time": "2022-12-12T00:02:04.900",
    "title": "查询权限列表",
    "parent": 2,
    "is_menu": false,
    "method": "GET",
    "url_path": "/system/permissions/",
    "icon": "",
    "component": "",
    "path": "",
    "redirect": "",
    "is_visible": true
  }
},
{
  "model": "system.permission",
  "pk": 9,
  "fields": {
    "create_time": "2022-12-12T00:03:06.677",
    "update_time": "2022-12-12T00:03:06.677",
    "title": "查询权限详情",
    "parent": 2,
    "is_menu": false,
    "method": "GET",
    "url_path": "/system/permissions/\\d+/",
    "icon": "",
    "component": "",
    "path": "",
    "redirect": "",
    "is_visible": true
  }
},
{
  "model": "system.permission",
  "pk": 10,
  "fields": {
    "create_time": "2022-12-12T00:04:25.641",
    "update_time": "2022-12-12T00:04:25.641",
    "title": "修改权限",
    "parent": 2,
    "is_menu": false,
    "method": "PUT",
    "url_path": "/system/permissions/\\d+/",
    "icon": "",
    "component": "",
    "path": "",
    "redirect": "",
    "is_visible": true
  }
},
{
  "model": "system.permission",
  "pk": 11,
  "fields": {
    "create_time": "2022-12-12T00:06:07.833",
    "update_time": "2022-12-12T00:06:07.833",
    "title": "修改权限部分信息",
    "parent": 2,
    "is_menu": false,
    "method": "PATCH",
    "url_path": "/system/permissions/\\d+/",
    "icon": "",
    "component": "",
    "path": "",
    "redirect": "",
    "is_visible": true
  }
},
{
  "model": "system.permission",
  "pk": 12,
  "fields": {
    "create_time": "2022-12-12T00:06:53.322",
    "update_time": "2022-12-12T00:06:53.322",
    "title": "删除权限",
    "parent": 2,
    "is_menu": false,
    "method": "DELETE",
    "url_path": "/system/permissions/\\d+/",
    "icon": "",
    "component": "",
    "path": "",
    "redirect": "",
    "is_visible": true
  }
},
{
  "model": "system.permission",
  "pk": 14,
  "fields": {
    "create_time": "2022-12-12T00:11:08.205",
    "update_time": "2022-12-12T00:11:08.205",
    "title": "查询权限树列表",
    "parent": 2,
    "is_menu": false,
    "method": "GET",
    "url_path": "/system/permissions/tree/",
    "icon": "",
    "component": "",
    "path": "",
    "redirect": "",
    "is_visible": true
  }
},
{
  "model": "system.permission",
  "pk": 15,
  "fields": {
    "create_time": "2022-12-12T00:13:01.529",
    "update_time": "2022-12-12T00:13:01.529",
    "title": "查询部门列表",
    "parent": 5,
    "is_menu": false,
    "method": "GET",
    "url_path": "/system/organizations/",
    "icon": "",
    "component": "",
    "path": "",
    "redirect": "",
    "is_visible": true
  }
},
{
  "model": "system.permission",
  "pk": 16,
  "fields": {
    "create_time": "2022-12-12T00:13:29.320",
    "update_time": "2022-12-12T00:13:29.320",
    "title": "新增部门",
    "parent": 5,
    "is_menu": false,
    "method": "POST",
    "url_path": "/system/organizations/",
    "icon": "",
    "component": "",
    "path": "",
    "redirect": "",
    "is_visible": true
  }
},
{
  "model": "system.permission",
  "pk": 17,
  "fields": {
    "create_time": "2022-12-12T00:14:07.916",
    "update_time": "2022-12-12T00:14:07.916",
    "title": "查询部门详情",
    "parent": 5,
    "is_menu": false,
    "method": "GET",
    "url_path": "/system/organizations/\\d+/",
    "icon": "",
    "component": "",
    "path": "",
    "redirect": "",
    "is_visible": true
  }
},
{
  "model": "system.permission",
  "pk": 18,
  "fields": {
    "create_time": "2022-12-12T00:14:41.915",
    "update_time": "2022-12-12T00:14:41.915",
    "title": "修改部门",
    "parent": 5,
    "is_menu": false,
    "method": "PUT",
    "url_path": "/system/organizations/\\d+/",
    "icon": "",
    "component": "",
    "path": "",
    "redirect": "",
    "is_visible": true
  }
},
{
  "model": "system.permission",
  "pk": 19,
  "fields": {
    "create_time": "2022-12-12T00:15:10.604",
    "update_time": "2022-12-12T00:15:10.604",
    "title": "修改部门部分信息",
    "parent": 5,
    "is_menu": false,
    "method": "PATCH",
    "url_path": "/system/organizations/\\d+/",
    "icon": "",
    "component": "",
    "path": "",
    "redirect": "",
    "is_visible": true
  }
},
{
  "model": "system.permission",
  "pk": 20,
  "fields": {
    "create_time": "2022-12-12T00:15:59.142",
    "update_time": "2022-12-12T00:15:59.142",
    "title": "删除部门",
    "parent": 5,
    "is_menu": false,
    "method": "DELETE",
    "url_path": "/system/organizations/\\d+/",
    "icon": "",
    "component": "",
    "path": "",
    "redirect": "",
    "is_visible": true
  }
},
{
  "model": "system.permission",
  "pk": 21,
  "fields": {
    "create_time": "2022-12-12T00:16:33.443",
    "update_time": "2022-12-12T00:16:33.443",
    "title": "查询部门树列表",
    "parent": 5,
    "is_menu": false,
    "method": "GET",
    "url_path": "/system/organizations/tree/",
    "icon": "",
    "component": "",
    "path": "",
    "redirect": "",
    "is_visible": true
  }
},
{
  "model": "system.permission",
  "pk": 22,
  "fields": {
    "create_time": "2022-12-12T00:22:09.297",
    "update_time": "2022-12-12T00:22:09.297",
    "title": "查询用户列表",
    "parent": 4,
    "is_menu": false,
    "method": "GET",
    "url_path": "/system/users/",
    "icon": "",
    "component": "",
    "path": "",
    "redirect": "",
    "is_visible": true
  }
},
{
  "model": "system.permission",
  "pk": 23,
  "fields": {
    "create_time": "2022-12-12T00:22:25.464",
    "update_time": "2022-12-12T00:22:25.464",
    "title": "新增用户",
    "parent": 4,
    "is_menu": false,
    "method": "POST",
    "url_path": "/system/users/",
    "icon": "",
    "component": "",
    "path": "",
    "redirect": "",
    "is_visible": true
  }
},
{
  "model": "system.permission",
  "pk": 24,
  "fields": {
    "create_time": "2022-12-12T00:22:59.941",
    "update_time": "2022-12-12T00:22:59.941",
    "title": "查询用户详情",
    "parent": 4,
    "is_menu": false,
    "method": "GET",
    "url_path": "/system/users/\\d+/",
    "icon": "",
    "component": "",
    "path": "",
    "redirect": "",
    "is_visible": true
  }
},
{
  "model": "system.permission",
  "pk": 25,
  "fields": {
    "create_time": "2022-12-12T00:23:28.885",
    "update_time": "2022-12-12T00:23:28.885",
    "title": "修改用户",
    "parent": 4,
    "is_menu": false,
    "method": "PUT",
    "url_path": "/system/users/\\d+/",
    "icon": "",
    "component": "",
    "path": "",
    "redirect": "",
    "is_visible": true
  }
},
{
  "model": "system.permission",
  "pk": 26,
  "fields": {
    "create_time": "2022-12-12T00:24:08.036",
    "update_time": "2022-12-12T00:24:08.036",
    "title": "修改用户部分信息",
    "parent": 4,
    "is_menu": false,
    "method": "PATCH",
    "url_path": "/system/users/\\d+/",
    "icon": "",
    "component": "",
    "path": "",
    "redirect": "",
    "is_visible": true
  }
},
{
  "model": "system.permission",
  "pk": 27,
  "fields": {
    "create_time": "2022-12-12T00:24:36.453",
    "update_time": "2022-12-12T00:24:36.453",
    "title": "删除用户",
    "parent": 4,
    "is_menu": false,
    "method": "DELETE",
    "url_path": "/system/users/\\d+/",
    "icon": "",
    "component": "",
    "path": "",
    "redirect": "",
    "is_visible": true
  }
},
{
  "model": "system.permission",
  "pk": 28,
  "fields": {
    "create_time": "2022-12-12T00:25:28.888",
    "update_time": "2022-12-12T00:25:28.888",
    "title": "新增角色",
    "parent": 3,
    "is_menu": false,
    "method": "POST",
    "url_path": "/system/roles/",
    "icon": "",
    "component": "",
    "path": "",
    "redirect": "",
    "is_visible": true
  }
},
{
  "model": "system.permission",
  "pk": 29,
  "fields": {
    "create_time": "2022-12-12T00:25:46.633",
    "update_time": "2022-12-12T00:25:46.633",
    "title": "查询角色列表",
    "parent": 3,
    "is_menu": false,
    "method": "GET",
    "url_path": "/system/roles/",
    "icon": "",
    "component": "",
    "path": "",
    "redirect": "",
    "is_visible": true
  }
},
{
  "model": "system.permission",
  "pk": 30,
  "fields": {
    "create_time": "2022-12-12T00:26:25.507",
    "update_time": "2022-12-12T00:26:25.507",
    "title": "查询角色详情",
    "parent": 3,
    "is_menu": false,
    "method": "GET",
    "url_path": "/system/roles/\\d+/",
    "icon": "",
    "component": "",
    "path": "",
    "redirect": "",
    "is_visible": true
  }
},
{
  "model": "system.permission",
  "pk": 31,
  "fields": {
    "create_time": "2022-12-12T00:26:48.424",
    "update_time": "2022-12-12T00:26:48.424",
    "title": "修改角色",
    "parent": 3,
    "is_menu": false,
    "method": "PUT",
    "url_path": "/system/roles/\\d+/",
    "icon": "",
    "component": "",
    "path": "",
    "redirect": "",
    "is_visible": true
  }
},
{
  "model": "system.permission",
  "pk": 32,
  "fields": {
    "create_time": "2022-12-12T00:27:05.600",
    "update_time": "2022-12-12T00:27:05.600",
    "title": "修改角色部分信息",
    "parent": 3,
    "is_menu": false,
    "method": "PATCH",
    "url_path": "/system/roles/\\d+/",
    "icon": "",
    "component": "",
    "path": "",
    "redirect": "",
    "is_visible": true
  }
},
{
  "model": "system.permission",
  "pk": 33,
  "fields": {
    "create_time": "2022-12-12T00:27:36.110",
    "update_time": "2022-12-12T00:27:36.110",
    "title": "删除角色",
    "parent": 3,
    "is_menu": false,
    "method": "DELETE",
    "url_path": "/system/roles/\\d+/",
    "icon": "",
    "component": "",
    "path": "",
    "redirect": "",
    "is_visible": true
  }
},
{
  "model": "system.role",
  "pk": 1,
  "fields": {
    "create_time": "2022-12-11T23:45:23.748",
    "update_time": "2022-12-12T00:44:45.950",
    "name": "admin",
    "desc": "超级管理员角色",
    "permissions": [
      1,
      2,
      3,
      4,
      5,
      6,
      7,
      8,
      9,
      10,
      11,
      12,
      14,
      15,
      16,
      17,
      18,
      19,
      20,
      21,
      22,
      23,
      24,
      25,
      26,
      27,
      28,
      29,
      30,
      31,
      32,
      33
    ]
  }
},
{
  "model": "system.role",
  "pk": 2,
  "fields": {
    "create_time": "2022-12-11T23:46:07.126",
    "update_time": "2022-12-20T22:51:05.999",
    "name": "user",
    "desc": "普通用户角色",
    "permissions": [
      1,
      2,
      3,
      4,
      5,
      6,
      14,
      21,
      22,
      29
    ]
  }
},
{
  "model": "system.organization",
  "pk": 1,
  "fields": {
    "create_time": "2022-12-12T00:54:35.938",
    "update_time": "2022-12-12T00:54:35.938",
    "name": "北京太极无限科技有限公司",
    "type": "company",
    "parent": null
  }
},
{
  "model": "system.organization",
  "pk": 2,
  "fields": {
    "create_time": "2022-12-12T00:54:53.995",
    "update_time": "2022-12-12T00:54:53.995",
    "name": "研发部",
    "type": "department",
    "parent": 1
  }
},
{
  "model": "system.organization",
  "pk": 3,
  "fields": {
    "create_time": "2022-12-12T00:55:27.444",
    "update_time": "2022-12-12T00:55:27.444",
    "name": "前端组",
    "type": "department",
    "parent": 2
  }
},
{
  "model": "system.organization",
  "pk": 4,
  "fields": {
    "create_time": "2022-12-12T00:55:38.856",
    "update_time": "2022-12-12T00:55:38.856",
    "name": "后端组",
    "type": "department",
    "parent": 2
  }
},
{
  "model": "system.organization",
  "pk": 5,
  "fields": {
    "create_time": "2022-12-12T00:55:45.577",
    "update_time": "2022-12-12T00:55:45.577",
    "name": "测试组",
    "type": "department",
    "parent": 2
  }
},
{
  "model": "system.user",
  "pk": 1,
  "fields": {
    "password": "pbkdf2_sha256$260000$VRSiTDFUDYCpmNEA7dTT3E$NmNIQOunPxtgaHFqAM99obpUmQUVuFwhybmYdjrMSRg=",
    "last_login": null,
    "is_superuser": true,
    "username": "admin",
    "first_name": "",
    "last_name": "",
    "email": "admin@qq.com",
    "is_staff": true,
    "is_active": true,
    "date_joined": "2022-12-11T20:15:20.251",
    "name": "周立齐",
    "birthday": null,
    "gender": "female",
    "mobile": "",
    "avatar": "avatars/brave.png",
    "department": null,
    "position": "网络流行语`打工是不可能打工的`创造者",
    "groups": [],
    "user_permissions": [],
    "roles": [
      1
    ]
  }
},
{
  "model": "system.user",
  "pk": 2,
  "fields": {
    "password": "pbkdf2_sha256$260000$0A26y9B35CgknhkkpqQaOw$jrG+gSRrFQ5JLBxQ61i/VuyJ5p21Px07UmOw/Ca7xUo=",
    "last_login": null,
    "is_superuser": false,
    "username": "test",
    "first_name": "",
    "last_name": "",
    "email": "test@qq.com",
    "is_staff": false,
    "is_active": true,
    "date_joined": "2022-12-12T00:37:04.165",
    "name": "马保国",
    "birthday": "1999-03-16",
    "gender": "male",
    "mobile": "",
    "avatar": "avatars/ninja.png",
    "department": null,
    "position": "浑元形意太极拳掌门人",
    "groups": [],
    "user_permissions": [],
    "roles": [
      2
    ]
  }
}
]
