[
  {
    "model": "auth.permission",
    "pk": 1,
    "fields": {
      "name": "Can add log entry",
      "content_type": 1,
      "codename": "add_logentry"
    }
  },
  {
    "model": "auth.permission",
    "pk": 2,
    "fields": {
      "name": "Can change log entry",
      "content_type": 1,
      "codename": "change_logentry"
    }
  },
  {
    "model": "auth.permission",
    "pk": 3,
    "fields": {
      "name": "Can delete log entry",
      "content_type": 1,
      "codename": "delete_logentry"
    }
  },
  {
    "model": "auth.permission",
    "pk": 4,
    "fields": {
      "name": "Can view log entry",
      "content_type": 1,
      "codename": "view_logentry"
    }
  },
  {
    "model": "auth.permission",
    "pk": 5,
    "fields": {
      "name": "Can add permission",
      "content_type": 2,
      "codename": "add_permission"
    }
  },
  {
    "model": "auth.permission",
    "pk": 6,
    "fields": {
      "name": "Can change permission",
      "content_type": 2,
      "codename": "change_permission"
    }
  },
  {
    "model": "auth.permission",
    "pk": 7,
    "fields": {
      "name": "Can delete permission",
      "content_type": 2,
      "codename": "delete_permission"
    }
  },
  {
    "model": "auth.permission",
    "pk": 8,
    "fields": {
      "name": "Can view permission",
      "content_type": 2,
      "codename": "view_permission"
    }
  },
  {
    "model": "auth.permission",
    "pk": 9,
    "fields": {
      "name": "Can add group",
      "content_type": 3,
      "codename": "add_group"
    }
  },
  {
    "model": "auth.permission",
    "pk": 10,
    "fields": {
      "name": "Can change group",
      "content_type": 3,
      "codename": "change_group"
    }
  },
  {
    "model": "auth.permission",
    "pk": 11,
    "fields": {
      "name": "Can delete group",
      "content_type": 3,
      "codename": "delete_group"
    }
  },
  {
    "model": "auth.permission",
    "pk": 12,
    "fields": {
      "name": "Can view group",
      "content_type": 3,
      "codename": "view_group"
    }
  },
  {
    "model": "auth.permission",
    "pk": 13,
    "fields": {
      "name": "Can add content type",
      "content_type": 4,
      "codename": "add_contenttype"
    }
  },
  {
    "model": "auth.permission",
    "pk": 14,
    "fields": {
      "name": "Can change content type",
      "content_type": 4,
      "codename": "change_contenttype"
    }
  },
  {
    "model": "auth.permission",
    "pk": 15,
    "fields": {
      "name": "Can delete content type",
      "content_type": 4,
      "codename": "delete_contenttype"
    }
  },
  {
    "model": "auth.permission",
    "pk": 16,
    "fields": {
      "name": "Can view content type",
      "content_type": 4,
      "codename": "view_contenttype"
    }
  },
  {
    "model": "auth.permission",
    "pk": 17,
    "fields": {
      "name": "Can add session",
      "content_type": 5,
      "codename": "add_session"
    }
  },
  {
    "model": "auth.permission",
    "pk": 18,
    "fields": {
      "name": "Can change session",
      "content_type": 5,
      "codename": "change_session"
    }
  },
  {
    "model": "auth.permission",
    "pk": 19,
    "fields": {
      "name": "Can delete session",
      "content_type": 5,
      "codename": "delete_session"
    }
  },
  {
    "model": "auth.permission",
    "pk": 20,
    "fields": {
      "name": "Can view session",
      "content_type": 5,
      "codename": "view_session"
    }
  },
  {
    "model": "auth.permission",
    "pk": 21,
    "fields": {
      "name": "Can add crontab",
      "content_type": 6,
      "codename": "add_crontabschedule"
    }
  },
  {
    "model": "auth.permission",
    "pk": 22,
    "fields": {
      "name": "Can change crontab",
      "content_type": 6,
      "codename": "change_crontabschedule"
    }
  },
  {
    "model": "auth.permission",
    "pk": 23,
    "fields": {
      "name": "Can delete crontab",
      "content_type": 6,
      "codename": "delete_crontabschedule"
    }
  },
  {
    "model": "auth.permission",
    "pk": 24,
    "fields": {
      "name": "Can view crontab",
      "content_type": 6,
      "codename": "view_crontabschedule"
    }
  },
  {
    "model": "auth.permission",
    "pk": 25,
    "fields": {
      "name": "Can add interval",
      "content_type": 7,
      "codename": "add_intervalschedule"
    }
  },
  {
    "model": "auth.permission",
    "pk": 26,
    "fields": {
      "name": "Can change interval",
      "content_type": 7,
      "codename": "change_intervalschedule"
    }
  },
  {
    "model": "auth.permission",
    "pk": 27,
    "fields": {
      "name": "Can delete interval",
      "content_type": 7,
      "codename": "delete_intervalschedule"
    }
  },
  {
    "model": "auth.permission",
    "pk": 28,
    "fields": {
      "name": "Can view interval",
      "content_type": 7,
      "codename": "view_intervalschedule"
    }
  },
  {
    "model": "auth.permission",
    "pk": 29,
    "fields": {
      "name": "Can add periodic task",
      "content_type": 8,
      "codename": "add_periodictask"
    }
  },
  {
    "model": "auth.permission",
    "pk": 30,
    "fields": {
      "name": "Can change periodic task",
      "content_type": 8,
      "codename": "change_periodictask"
    }
  },
  {
    "model": "auth.permission",
    "pk": 31,
    "fields": {
      "name": "Can delete periodic task",
      "content_type": 8,
      "codename": "delete_periodictask"
    }
  },
  {
    "model": "auth.permission",
    "pk": 32,
    "fields": {
      "name": "Can view periodic task",
      "content_type": 8,
      "codename": "view_periodictask"
    }
  },
  {
    "model": "auth.permission",
    "pk": 33,
    "fields": {
      "name": "Can add periodic tasks",
      "content_type": 9,
      "codename": "add_periodictasks"
    }
  },
  {
    "model": "auth.permission",
    "pk": 34,
    "fields": {
      "name": "Can change periodic tasks",
      "content_type": 9,
      "codename": "change_periodictasks"
    }
  },
  {
    "model": "auth.permission",
    "pk": 35,
    "fields": {
      "name": "Can delete periodic tasks",
      "content_type": 9,
      "codename": "delete_periodictasks"
    }
  },
  {
    "model": "auth.permission",
    "pk": 36,
    "fields": {
      "name": "Can view periodic tasks",
      "content_type": 9,
      "codename": "view_periodictasks"
    }
  },
  {
    "model": "auth.permission",
    "pk": 37,
    "fields": {
      "name": "Can add solar event",
      "content_type": 10,
      "codename": "add_solarschedule"
    }
  },
  {
    "model": "auth.permission",
    "pk": 38,
    "fields": {
      "name": "Can change solar event",
      "content_type": 10,
      "codename": "change_solarschedule"
    }
  },
  {
    "model": "auth.permission",
    "pk": 39,
    "fields": {
      "name": "Can delete solar event",
      "content_type": 10,
      "codename": "delete_solarschedule"
    }
  },
  {
    "model": "auth.permission",
    "pk": 40,
    "fields": {
      "name": "Can view solar event",
      "content_type": 10,
      "codename": "view_solarschedule"
    }
  },
  {
    "model": "auth.permission",
    "pk": 41,
    "fields": {
      "name": "Can add clocked",
      "content_type": 11,
      "codename": "add_clockedschedule"
    }
  },
  {
    "model": "auth.permission",
    "pk": 42,
    "fields": {
      "name": "Can change clocked",
      "content_type": 11,
      "codename": "change_clockedschedule"
    }
  },
  {
    "model": "auth.permission",
    "pk": 43,
    "fields": {
      "name": "Can delete clocked",
      "content_type": 11,
      "codename": "delete_clockedschedule"
    }
  },
  {
    "model": "auth.permission",
    "pk": 44,
    "fields": {
      "name": "Can view clocked",
      "content_type": 11,
      "codename": "view_clockedschedule"
    }
  },
  {
    "model": "auth.permission",
    "pk": 45,
    "fields": {
      "name": "Can add 权限",
      "content_type": 12,
      "codename": "add_permission"
    }
  },
  {
    "model": "auth.permission",
    "pk": 46,
    "fields": {
      "name": "Can change 权限",
      "content_type": 12,
      "codename": "change_permission"
    }
  },
  {
    "model": "auth.permission",
    "pk": 47,
    "fields": {
      "name": "Can delete 权限",
      "content_type": 12,
      "codename": "delete_permission"
    }
  },
  {
    "model": "auth.permission",
    "pk": 48,
    "fields": {
      "name": "Can view 权限",
      "content_type": 12,
      "codename": "view_permission"
    }
  },
  {
    "model": "auth.permission",
    "pk": 49,
    "fields": {
      "name": "Can add 角色",
      "content_type": 13,
      "codename": "add_role"
    }
  },
  {
    "model": "auth.permission",
    "pk": 50,
    "fields": {
      "name": "Can change 角色",
      "content_type": 13,
      "codename": "change_role"
    }
  },
  {
    "model": "auth.permission",
    "pk": 51,
    "fields": {
      "name": "Can delete 角色",
      "content_type": 13,
      "codename": "delete_role"
    }
  },
  {
    "model": "auth.permission",
    "pk": 52,
    "fields": {
      "name": "Can view 角色",
      "content_type": 13,
      "codename": "view_role"
    }
  },
  {
    "model": "auth.permission",
    "pk": 53,
    "fields": {
      "name": "Can add 组织架构",
      "content_type": 14,
      "codename": "add_organization"
    }
  },
  {
    "model": "auth.permission",
    "pk": 54,
    "fields": {
      "name": "Can change 组织架构",
      "content_type": 14,
      "codename": "change_organization"
    }
  },
  {
    "model": "auth.permission",
    "pk": 55,
    "fields": {
      "name": "Can delete 组织架构",
      "content_type": 14,
      "codename": "delete_organization"
    }
  },
  {
    "model": "auth.permission",
    "pk": 56,
    "fields": {
      "name": "Can view 组织架构",
      "content_type": 14,
      "codename": "view_organization"
    }
  },
  {
    "model": "auth.permission",
    "pk": 57,
    "fields": {
      "name": "Can add 用户",
      "content_type": 15,
      "codename": "add_user"
    }
  },
  {
    "model": "auth.permission",
    "pk": 58,
    "fields": {
      "name": "Can change 用户",
      "content_type": 15,
      "codename": "change_user"
    }
  },
  {
    "model": "auth.permission",
    "pk": 59,
    "fields": {
      "name": "Can delete 用户",
      "content_type": 15,
      "codename": "delete_user"
    }
  },
  {
    "model": "auth.permission",
    "pk": 60,
    "fields": {
      "name": "Can view 用户",
      "content_type": 15,
      "codename": "view_user"
    }
  },
  {
    "model": "auth.permission",
    "pk": 61,
    "fields": {
      "name": "Can add 变更记录",
      "content_type": 16,
      "codename": "add_changelog"
    }
  },
  {
    "model": "auth.permission",
    "pk": 62,
    "fields": {
      "name": "Can change 变更记录",
      "content_type": 16,
      "codename": "change_changelog"
    }
  },
  {
    "model": "auth.permission",
    "pk": 63,
    "fields": {
      "name": "Can delete 变更记录",
      "content_type": 16,
      "codename": "delete_changelog"
    }
  },
  {
    "model": "auth.permission",
    "pk": 64,
    "fields": {
      "name": "Can view 变更记录",
      "content_type": 16,
      "codename": "view_changelog"
    }
  },
  {
    "model": "auth.permission",
    "pk": 65,
    "fields": {
      "name": "Can add 用户评论",
      "content_type": 17,
      "codename": "add_comment"
    }
  },
  {
    "model": "auth.permission",
    "pk": 66,
    "fields": {
      "name": "Can change 用户评论",
      "content_type": 17,
      "codename": "change_comment"
    }
  },
  {
    "model": "auth.permission",
    "pk": 67,
    "fields": {
      "name": "Can delete 用户评论",
      "content_type": 17,
      "codename": "delete_comment"
    }
  },
  {
    "model": "auth.permission",
    "pk": 68,
    "fields": {
      "name": "Can view 用户评论",
      "content_type": 17,
      "codename": "view_comment"
    }
  },
  {
    "model": "auth.permission",
    "pk": 69,
    "fields": {
      "name": "Can add 项目",
      "content_type": 18,
      "codename": "add_project"
    }
  },
  {
    "model": "auth.permission",
    "pk": 70,
    "fields": {
      "name": "Can change 项目",
      "content_type": 18,
      "codename": "change_project"
    }
  },
  {
    "model": "auth.permission",
    "pk": 71,
    "fields": {
      "name": "Can delete 项目",
      "content_type": 18,
      "codename": "delete_project"
    }
  },
  {
    "model": "auth.permission",
    "pk": 72,
    "fields": {
      "name": "Can view 项目",
      "content_type": 18,
      "codename": "view_project"
    }
  },
  {
    "model": "auth.permission",
    "pk": 73,
    "fields": {
      "name": "Can add 迭代",
      "content_type": 19,
      "codename": "add_sprint"
    }
  },
  {
    "model": "auth.permission",
    "pk": 74,
    "fields": {
      "name": "Can change 迭代",
      "content_type": 19,
      "codename": "change_sprint"
    }
  },
  {
    "model": "auth.permission",
    "pk": 75,
    "fields": {
      "name": "Can delete 迭代",
      "content_type": 19,
      "codename": "delete_sprint"
    }
  },
  {
    "model": "auth.permission",
    "pk": 76,
    "fields": {
      "name": "Can view 迭代",
      "content_type": 19,
      "codename": "view_sprint"
    }
  },
  {
    "model": "auth.permission",
    "pk": 77,
    "fields": {
      "name": "Can add 静态文件",
      "content_type": 20,
      "codename": "add_userfile"
    }
  },
  {
    "model": "auth.permission",
    "pk": 78,
    "fields": {
      "name": "Can change 静态文件",
      "content_type": 20,
      "codename": "change_userfile"
    }
  },
  {
    "model": "auth.permission",
    "pk": 79,
    "fields": {
      "name": "Can delete 静态文件",
      "content_type": 20,
      "codename": "delete_userfile"
    }
  },
  {
    "model": "auth.permission",
    "pk": 80,
    "fields": {
      "name": "Can view 静态文件",
      "content_type": 20,
      "codename": "view_userfile"
    }
  },
  {
    "model": "auth.permission",
    "pk": 81,
    "fields": {
      "name": "Can add 工作项",
      "content_type": 21,
      "codename": "add_workitem"
    }
  },
  {
    "model": "auth.permission",
    "pk": 82,
    "fields": {
      "name": "Can change 工作项",
      "content_type": 21,
      "codename": "change_workitem"
    }
  },
  {
    "model": "auth.permission",
    "pk": 83,
    "fields": {
      "name": "Can delete 工作项",
      "content_type": 21,
      "codename": "delete_workitem"
    }
  },
  {
    "model": "auth.permission",
    "pk": 84,
    "fields": {
      "name": "Can view 工作项",
      "content_type": 21,
      "codename": "view_workitem"
    }
  },
  {
    "model": "auth.permission",
    "pk": 85,
    "fields": {
      "name": "Can add 设备",
      "content_type": 22,
      "codename": "add_device"
    }
  },
  {
    "model": "auth.permission",
    "pk": 86,
    "fields": {
      "name": "Can change 设备",
      "content_type": 22,
      "codename": "change_device"
    }
  },
  {
    "model": "auth.permission",
    "pk": 87,
    "fields": {
      "name": "Can delete 设备",
      "content_type": 22,
      "codename": "delete_device"
    }
  },
  {
    "model": "auth.permission",
    "pk": 88,
    "fields": {
      "name": "Can view 设备",
      "content_type": 22,
      "codename": "view_device"
    }
  },
  {
    "model": "auth.permission",
    "pk": 89,
    "fields": {
      "name": "Can add 任务执行结果",
      "content_type": 23,
      "codename": "add_taskresult"
    }
  },
  {
    "model": "auth.permission",
    "pk": 90,
    "fields": {
      "name": "Can change 任务执行结果",
      "content_type": 23,
      "codename": "change_taskresult"
    }
  },
  {
    "model": "auth.permission",
    "pk": 91,
    "fields": {
      "name": "Can delete 任务执行结果",
      "content_type": 23,
      "codename": "delete_taskresult"
    }
  },
  {
    "model": "auth.permission",
    "pk": 92,
    "fields": {
      "name": "Can view 任务执行结果",
      "content_type": 23,
      "codename": "view_taskresult"
    }
  },
  {
    "model": "contenttypes.contenttype",
    "pk": 1,
    "fields": {
      "app_label": "admin",
      "model": "logentry"
    }
  },
  {
    "model": "contenttypes.contenttype",
    "pk": 2,
    "fields": {
      "app_label": "auth",
      "model": "permission"
    }
  },
  {
    "model": "contenttypes.contenttype",
    "pk": 3,
    "fields": {
      "app_label": "auth",
      "model": "group"
    }
  },
  {
    "model": "contenttypes.contenttype",
    "pk": 4,
    "fields": {
      "app_label": "contenttypes",
      "model": "contenttype"
    }
  },
  {
    "model": "contenttypes.contenttype",
    "pk": 5,
    "fields": {
      "app_label": "sessions",
      "model": "session"
    }
  },
  {
    "model": "contenttypes.contenttype",
    "pk": 6,
    "fields": {
      "app_label": "django_celery_beat",
      "model": "crontabschedule"
    }
  },
  {
    "model": "contenttypes.contenttype",
    "pk": 7,
    "fields": {
      "app_label": "django_celery_beat",
      "model": "intervalschedule"
    }
  },
  {
    "model": "contenttypes.contenttype",
    "pk": 8,
    "fields": {
      "app_label": "django_celery_beat",
      "model": "periodictask"
    }
  },
  {
    "model": "contenttypes.contenttype",
    "pk": 9,
    "fields": {
      "app_label": "django_celery_beat",
      "model": "periodictasks"
    }
  },
  {
    "model": "contenttypes.contenttype",
    "pk": 10,
    "fields": {
      "app_label": "django_celery_beat",
      "model": "solarschedule"
    }
  },
  {
    "model": "contenttypes.contenttype",
    "pk": 11,
    "fields": {
      "app_label": "django_celery_beat",
      "model": "clockedschedule"
    }
  },
  {
    "model": "contenttypes.contenttype",
    "pk": 12,
    "fields": {
      "app_label": "system",
      "model": "permission"
    }
  },
  {
    "model": "contenttypes.contenttype",
    "pk": 13,
    "fields": {
      "app_label": "system",
      "model": "role"
    }
  },
  {
    "model": "contenttypes.contenttype",
    "pk": 14,
    "fields": {
      "app_label": "system",
      "model": "organization"
    }
  },
  {
    "model": "contenttypes.contenttype",
    "pk": 15,
    "fields": {
      "app_label": "system",
      "model": "user"
    }
  },
  {
    "model": "contenttypes.contenttype",
    "pk": 16,
    "fields": {
      "app_label": "pm",
      "model": "changelog"
    }
  },
  {
    "model": "contenttypes.contenttype",
    "pk": 17,
    "fields": {
      "app_label": "pm",
      "model": "comment"
    }
  },
  {
    "model": "contenttypes.contenttype",
    "pk": 18,
    "fields": {
      "app_label": "pm",
      "model": "project"
    }
  },
  {
    "model": "contenttypes.contenttype",
    "pk": 19,
    "fields": {
      "app_label": "pm",
      "model": "sprint"
    }
  },
  {
    "model": "contenttypes.contenttype",
    "pk": 20,
    "fields": {
      "app_label": "pm",
      "model": "userfile"
    }
  },
  {
    "model": "contenttypes.contenttype",
    "pk": 21,
    "fields": {
      "app_label": "pm",
      "model": "workitem"
    }
  },
  {
    "model": "contenttypes.contenttype",
    "pk": 22,
    "fields": {
      "app_label": "device",
      "model": "device"
    }
  },
  {
    "model": "contenttypes.contenttype",
    "pk": 23,
    "fields": {
      "app_label": "task",
      "model": "taskresult"
    }
  },
  {
    "model": "system.permission",
    "pk": 1,
    "fields": {
      "create_time": "2023-03-12T12:46:29.457",
      "update_time": "2023-03-12T12:46:29.457",
      "creator": "admin",
      "modifier": "admin",
      "title": "系统管理",
      "parent": null,
      "is_menu": true,
      "method": "",
      "url_path": "",
      "icon": "setting-outlined",
      "component": "@/layout/BasicLayout.vue",
      "path": "/system",
      "redirect": "/system/users/list",
      "is_visible": true
    }
  },
  {
    "model": "system.permission",
    "pk": 2,
    "fields": {
      "create_time": "2023-03-12T12:47:48.865",
      "update_time": "2023-03-12T12:47:48.865",
      "creator": "admin",
      "modifier": "admin",
      "title": "权限管理",
      "parent": 1,
      "is_menu": true,
      "method": "",
      "url_path": "",
      "icon": "safety-outlined",
      "component": "@/views/system/permission/PermissionList.vue",
      "path": "/system/permissions/list",
      "redirect": "",
      "is_visible": true
    }
  },
  {
    "model": "system.permission",
    "pk": 3,
    "fields": {
      "create_time": "2023-03-12T12:48:22.652",
      "update_time": "2023-03-12T12:48:22.652",
      "creator": "admin",
      "modifier": "admin",
      "title": "角色管理",
      "parent": 1,
      "is_menu": true,
      "method": "",
      "url_path": "",
      "icon": "team-outlined",
      "component": "@/views/system/role/RoleList.vue",
      "path": "/system/roles/list",
      "redirect": "",
      "is_visible": true
    }
  },
  {
    "model": "system.permission",
    "pk": 4,
    "fields": {
      "create_time": "2023-03-12T12:49:49.199",
      "update_time": "2023-03-12T12:49:49.199",
      "creator": "admin",
      "modifier": "admin",
      "title": "用户管理",
      "parent": 1,
      "is_menu": true,
      "method": "",
      "url_path": "",
      "icon": "user-outlined",
      "component": "@/views/system/user/UserList.vue",
      "path": "/system/users/list",
      "redirect": "",
      "is_visible": true
    }
  },
  {
    "model": "system.permission",
    "pk": 5,
    "fields": {
      "create_time": "2023-03-12T12:50:28.529",
      "update_time": "2023-03-12T12:50:28.529",
      "creator": "admin",
      "modifier": "admin",
      "title": "部门管理",
      "parent": 1,
      "is_menu": true,
      "method": "",
      "url_path": "",
      "icon": "home-outlined",
      "component": "@/views/system/organization/OrganizationList.vue",
      "path": "/system/organizations/list",
      "redirect": "",
      "is_visible": true
    }
  },
  {
    "model": "system.permission",
    "pk": 6,
    "fields": {
      "create_time": "2023-03-12T12:51:34.701",
      "update_time": "2023-03-12T12:51:34.701",
      "creator": "admin",
      "modifier": "admin",
      "title": "服务器性能监控",
      "parent": 1,
      "is_menu": true,
      "method": "",
      "url_path": "",
      "icon": "cloud-server-outlined",
      "component": "@/views/system/server/ServerMonitor.vue",
      "path": "/system/server/monitor",
      "redirect": "",
      "is_visible": true
    }
  },
  {
    "model": "system.permission",
    "pk": 7,
    "fields": {
      "create_time": "2023-03-12T12:52:31.793",
      "update_time": "2023-03-12T12:52:31.793",
      "creator": "admin",
      "modifier": "admin",
      "title": "新增权限",
      "parent": 2,
      "is_menu": false,
      "method": "POST",
      "url_path": "/system/permissions/",
      "icon": "",
      "component": "",
      "path": "",
      "redirect": "",
      "is_visible": true
    }
  },
  {
    "model": "system.permission",
    "pk": 8,
    "fields": {
      "create_time": "2023-03-12T12:53:13.377",
      "update_time": "2023-03-12T12:53:13.377",
      "creator": "admin",
      "modifier": "admin",
      "title": "查询权限列表",
      "parent": 2,
      "is_menu": false,
      "method": "GET",
      "url_path": "/system/permissions/",
      "icon": "",
      "component": "",
      "path": "",
      "redirect": "",
      "is_visible": true
    }
  },
  {
    "model": "system.permission",
    "pk": 9,
    "fields": {
      "create_time": "2023-03-12T12:53:53.963",
      "update_time": "2023-03-12T12:53:53.963",
      "creator": "admin",
      "modifier": "admin",
      "title": "查询权限详情",
      "parent": 2,
      "is_menu": false,
      "method": "GET",
      "url_path": "/system/permissions/\\d+/",
      "icon": "",
      "component": "",
      "path": "",
      "redirect": "",
      "is_visible": true
    }
  },
  {
    "model": "system.permission",
    "pk": 10,
    "fields": {
      "create_time": "2023-03-12T12:54:12.396",
      "update_time": "2023-03-12T12:54:12.396",
      "creator": "admin",
      "modifier": "admin",
      "title": "修改权限",
      "parent": 2,
      "is_menu": false,
      "method": "PUT",
      "url_path": "/system/permissions/\\d+/",
      "icon": "",
      "component": "",
      "path": "",
      "redirect": "",
      "is_visible": true
    }
  },
  {
    "model": "system.permission",
    "pk": 11,
    "fields": {
      "create_time": "2023-03-12T12:54:30.039",
      "update_time": "2023-03-12T12:54:30.039",
      "creator": "admin",
      "modifier": "admin",
      "title": "修改权限部分信息",
      "parent": 2,
      "is_menu": false,
      "method": "PATCH",
      "url_path": "/system/permissions/\\d+/",
      "icon": "",
      "component": "",
      "path": "",
      "redirect": "",
      "is_visible": true
    }
  },
  {
    "model": "system.permission",
    "pk": 12,
    "fields": {
      "create_time": "2023-03-12T12:54:45.447",
      "update_time": "2023-03-12T12:54:45.447",
      "creator": "admin",
      "modifier": "admin",
      "title": "删除权限",
      "parent": 2,
      "is_menu": false,
      "method": "DELETE",
      "url_path": "/system/permissions/\\d+/",
      "icon": "",
      "component": "",
      "path": "",
      "redirect": "",
      "is_visible": true
    }
  },
  {
    "model": "system.permission",
    "pk": 13,
    "fields": {
      "create_time": "2023-03-12T12:55:52.616",
      "update_time": "2023-03-12T12:55:52.616",
      "creator": "admin",
      "modifier": "admin",
      "title": "查询权限树列表",
      "parent": 2,
      "is_menu": false,
      "method": "GET",
      "url_path": "/system/permissions/tree/",
      "icon": "",
      "component": "",
      "path": "",
      "redirect": "",
      "is_visible": true
    }
  },
  {
    "model": "system.permission",
    "pk": 14,
    "fields": {
      "create_time": "2023-03-12T12:56:16.669",
      "update_time": "2023-03-12T12:56:16.669",
      "creator": "admin",
      "modifier": "admin",
      "title": "查询部门列表",
      "parent": 5,
      "is_menu": false,
      "method": "GET",
      "url_path": "/system/organizations/",
      "icon": "",
      "component": "",
      "path": "",
      "redirect": "",
      "is_visible": true
    }
  },
  {
    "model": "system.permission",
    "pk": 15,
    "fields": {
      "create_time": "2023-03-12T12:56:46.061",
      "update_time": "2023-03-12T12:56:46.061",
      "creator": "admin",
      "modifier": "admin",
      "title": "新增部门",
      "parent": 5,
      "is_menu": false,
      "method": "POST",
      "url_path": "/system/organizations/",
      "icon": "",
      "component": "",
      "path": "",
      "redirect": "",
      "is_visible": true
    }
  },
  {
    "model": "system.permission",
    "pk": 16,
    "fields": {
      "create_time": "2023-03-12T12:57:15.147",
      "update_time": "2023-03-12T12:57:15.147",
      "creator": "admin",
      "modifier": "admin",
      "title": "查询部门详情",
      "parent": 5,
      "is_menu": false,
      "method": "GET",
      "url_path": "/system/organizations/\\d+/",
      "icon": "",
      "component": "",
      "path": "",
      "redirect": "",
      "is_visible": true
    }
  },
  {
    "model": "system.permission",
    "pk": 17,
    "fields": {
      "create_time": "2023-03-12T12:57:38.492",
      "update_time": "2023-03-12T12:57:38.492",
      "creator": "admin",
      "modifier": "admin",
      "title": "修改部门",
      "parent": 5,
      "is_menu": false,
      "method": "PUT",
      "url_path": "/system/organizations/\\d+/",
      "icon": "",
      "component": "",
      "path": "",
      "redirect": "",
      "is_visible": true
    }
  },
  {
    "model": "system.permission",
    "pk": 18,
    "fields": {
      "create_time": "2023-03-12T12:57:53.683",
      "update_time": "2023-03-12T12:57:53.683",
      "creator": "admin",
      "modifier": "admin",
      "title": "修改部门部分信息",
      "parent": 5,
      "is_menu": false,
      "method": "PATCH",
      "url_path": "/system/organizations/\\d+/",
      "icon": "",
      "component": "",
      "path": "",
      "redirect": "",
      "is_visible": true
    }
  },
  {
    "model": "system.permission",
    "pk": 19,
    "fields": {
      "create_time": "2023-03-12T12:58:11.077",
      "update_time": "2023-03-12T12:58:11.077",
      "creator": "admin",
      "modifier": "admin",
      "title": "删除部门",
      "parent": 5,
      "is_menu": false,
      "method": "DELETE",
      "url_path": "/system/organizations/\\d+/",
      "icon": "",
      "component": "",
      "path": "",
      "redirect": "",
      "is_visible": true
    }
  },
  {
    "model": "system.permission",
    "pk": 20,
    "fields": {
      "create_time": "2023-03-12T12:58:42.175",
      "update_time": "2023-03-12T12:58:42.175",
      "creator": "admin",
      "modifier": "admin",
      "title": "查询部门树列表",
      "parent": 5,
      "is_menu": false,
      "method": "GET",
      "url_path": "/system/organizations/tree/",
      "icon": "",
      "component": "",
      "path": "",
      "redirect": "",
      "is_visible": true
    }
  },
  {
    "model": "system.permission",
    "pk": 21,
    "fields": {
      "create_time": "2023-03-12T12:59:18.958",
      "update_time": "2023-03-12T12:59:18.958",
      "creator": "admin",
      "modifier": "admin",
      "title": "查询用户列表",
      "parent": 4,
      "is_menu": false,
      "method": "GET",
      "url_path": "/system/users/",
      "icon": "",
      "component": "",
      "path": "",
      "redirect": "",
      "is_visible": true
    }
  },
  {
    "model": "system.permission",
    "pk": 22,
    "fields": {
      "create_time": "2023-03-12T12:59:30.497",
      "update_time": "2023-03-12T12:59:30.497",
      "creator": "admin",
      "modifier": "admin",
      "title": "新增用户",
      "parent": 4,
      "is_menu": false,
      "method": "POST",
      "url_path": "/system/users/",
      "icon": "",
      "component": "",
      "path": "",
      "redirect": "",
      "is_visible": true
    }
  },
  {
    "model": "system.permission",
    "pk": 23,
    "fields": {
      "create_time": "2023-03-12T13:00:06.906",
      "update_time": "2023-03-12T13:00:06.906",
      "creator": "admin",
      "modifier": "admin",
      "title": "查询用户详情",
      "parent": 4,
      "is_menu": false,
      "method": "GET",
      "url_path": "/system/users/\\d+/",
      "icon": "",
      "component": "",
      "path": "",
      "redirect": "",
      "is_visible": true
    }
  },
  {
    "model": "system.permission",
    "pk": 24,
    "fields": {
      "create_time": "2023-03-12T13:01:27.501",
      "update_time": "2023-03-12T13:01:27.501",
      "creator": "admin",
      "modifier": "admin",
      "title": "修改用户",
      "parent": 4,
      "is_menu": false,
      "method": "PUT",
      "url_path": "/system/users/\\d+/",
      "icon": "",
      "component": "",
      "path": "",
      "redirect": "",
      "is_visible": true
    }
  },
  {
    "model": "system.permission",
    "pk": 25,
    "fields": {
      "create_time": "2023-03-12T13:01:35.486",
      "update_time": "2023-03-12T13:01:35.486",
      "creator": "admin",
      "modifier": "admin",
      "title": "修改用户部分信息",
      "parent": 4,
      "is_menu": false,
      "method": "PATCH",
      "url_path": "/system/users/\\d+/",
      "icon": "",
      "component": "",
      "path": "",
      "redirect": "",
      "is_visible": true
    }
  },
  {
    "model": "system.permission",
    "pk": 26,
    "fields": {
      "create_time": "2023-03-12T13:01:47.914",
      "update_time": "2023-03-12T13:01:47.914",
      "creator": "admin",
      "modifier": "admin",
      "title": "删除用户",
      "parent": 4,
      "is_menu": false,
      "method": "DELETE",
      "url_path": "/system/users/\\d+/",
      "icon": "",
      "component": "",
      "path": "",
      "redirect": "",
      "is_visible": true
    }
  },
  {
    "model": "system.permission",
    "pk": 27,
    "fields": {
      "create_time": "2023-03-12T13:02:28.429",
      "update_time": "2023-03-12T13:02:28.429",
      "creator": "admin",
      "modifier": "admin",
      "title": "新增角色",
      "parent": 3,
      "is_menu": false,
      "method": "POST",
      "url_path": "/system/roles/",
      "icon": "",
      "component": "",
      "path": "",
      "redirect": "",
      "is_visible": true
    }
  },
  {
    "model": "system.permission",
    "pk": 28,
    "fields": {
      "create_time": "2023-03-12T13:02:47.131",
      "update_time": "2023-03-12T13:02:47.131",
      "creator": "admin",
      "modifier": "admin",
      "title": "查询角色列表",
      "parent": 3,
      "is_menu": false,
      "method": "GET",
      "url_path": "/system/roles/",
      "icon": "",
      "component": "",
      "path": "",
      "redirect": "",
      "is_visible": true
    }
  },
  {
    "model": "system.permission",
    "pk": 29,
    "fields": {
      "create_time": "2023-03-12T13:03:15.430",
      "update_time": "2023-03-12T13:03:15.430",
      "creator": "admin",
      "modifier": "admin",
      "title": "查询角色详情",
      "parent": 3,
      "is_menu": false,
      "method": "GET",
      "url_path": "/system/roles/\\d+/",
      "icon": "",
      "component": "",
      "path": "",
      "redirect": "",
      "is_visible": true
    }
  },
  {
    "model": "system.permission",
    "pk": 30,
    "fields": {
      "create_time": "2023-03-12T13:03:25.862",
      "update_time": "2023-03-12T13:03:25.862",
      "creator": "admin",
      "modifier": "admin",
      "title": "修改角色",
      "parent": 3,
      "is_menu": false,
      "method": "PUT",
      "url_path": "/system/roles/\\d+/",
      "icon": "",
      "component": "",
      "path": "",
      "redirect": "",
      "is_visible": true
    }
  },
  {
    "model": "system.permission",
    "pk": 31,
    "fields": {
      "create_time": "2023-03-12T13:03:36.707",
      "update_time": "2023-03-12T13:03:36.707",
      "creator": "admin",
      "modifier": "admin",
      "title": "修改角色部分信息",
      "parent": 3,
      "is_menu": false,
      "method": "PATCH",
      "url_path": "/system/roles/\\d+/",
      "icon": "",
      "component": "",
      "path": "",
      "redirect": "",
      "is_visible": true
    }
  },
  {
    "model": "system.permission",
    "pk": 32,
    "fields": {
      "create_time": "2023-03-12T13:03:48.928",
      "update_time": "2023-03-12T13:03:48.928",
      "creator": "admin",
      "modifier": "admin",
      "title": "删除角色",
      "parent": 3,
      "is_menu": false,
      "method": "DELETE",
      "url_path": "/system/roles/\\d+/",
      "icon": "",
      "component": "",
      "path": "",
      "redirect": "",
      "is_visible": true
    }
  },
  {
    "model": "system.permission",
    "pk": 33,
    "fields": {
      "create_time": "2023-03-12T13:06:02.725",
      "update_time": "2023-03-12T13:06:02.725",
      "creator": "admin",
      "modifier": "admin",
      "title": "项目管理",
      "parent": null,
      "is_menu": true,
      "method": "",
      "url_path": "",
      "icon": "project-outlined",
      "component": "@/layout/BasicLayout.vue",
      "path": "/pm",
      "redirect": "/pm/projects/list",
      "is_visible": true
    }
  },
  {
    "model": "system.permission",
    "pk": 34,
    "fields": {
      "create_time": "2023-03-12T13:06:43.746",
      "update_time": "2023-03-12T13:06:43.746",
      "creator": "admin",
      "modifier": "admin",
      "title": "项目列表",
      "parent": 33,
      "is_menu": true,
      "method": "",
      "url_path": "",
      "icon": "unordered-list-outlined",
      "component": "@/views/pm/project/ProjectList.vue",
      "path": "/pm/projects/list",
      "redirect": "",
      "is_visible": false
    }
  },
  {
    "model": "system.permission",
    "pk": 35,
    "fields": {
      "create_time": "2023-03-12T13:07:33.371",
      "update_time": "2023-03-12T13:07:33.371",
      "creator": "admin",
      "modifier": "admin",
      "title": "新增项目",
      "parent": 34,
      "is_menu": false,
      "method": "POST",
      "url_path": "/pm/projects/",
      "icon": "",
      "component": "",
      "path": "",
      "redirect": "",
      "is_visible": true
    }
  },
  {
    "model": "system.permission",
    "pk": 36,
    "fields": {
      "create_time": "2023-03-12T13:07:54.436",
      "update_time": "2023-03-12T13:07:54.436",
      "creator": "admin",
      "modifier": "admin",
      "title": "删除项目",
      "parent": 34,
      "is_menu": false,
      "method": "DELETE",
      "url_path": "/pm/projects/\\d+/",
      "icon": "",
      "component": "",
      "path": "",
      "redirect": "",
      "is_visible": true
    }
  },
  {
    "model": "system.permission",
    "pk": 37,
    "fields": {
      "create_time": "2023-03-12T13:08:08.964",
      "update_time": "2023-03-12T13:08:08.964",
      "creator": "admin",
      "modifier": "admin",
      "title": "修改项目",
      "parent": 34,
      "is_menu": false,
      "method": "PUT",
      "url_path": "/pm/projects/\\d+/",
      "icon": "",
      "component": "",
      "path": "",
      "redirect": "",
      "is_visible": true
    }
  },
  {
    "model": "system.permission",
    "pk": 38,
    "fields": {
      "create_time": "2023-03-12T13:08:21.197",
      "update_time": "2023-03-12T13:08:21.197",
      "creator": "admin",
      "modifier": "admin",
      "title": "修改项目部分信息",
      "parent": 34,
      "is_menu": false,
      "method": "PATCH",
      "url_path": "/pm/projects/\\d+/",
      "icon": "",
      "component": "",
      "path": "",
      "redirect": "",
      "is_visible": true
    }
  },
  {
    "model": "system.permission",
    "pk": 39,
    "fields": {
      "create_time": "2023-03-12T13:08:59.972",
      "update_time": "2023-03-12T13:08:59.972",
      "creator": "admin",
      "modifier": "admin",
      "title": "查询项目详情",
      "parent": 34,
      "is_menu": false,
      "method": "GET",
      "url_path": "/pm/projects/\\d+/",
      "icon": "",
      "component": "",
      "path": "",
      "redirect": "",
      "is_visible": true
    }
  },
  {
    "model": "system.permission",
    "pk": 40,
    "fields": {
      "create_time": "2023-03-12T13:11:09.021",
      "update_time": "2023-03-12T13:11:09.021",
      "creator": "admin",
      "modifier": "admin",
      "title": "查询项目列表",
      "parent": 34,
      "is_menu": false,
      "method": "GET",
      "url_path": "/pm/projects/",
      "icon": "",
      "component": "",
      "path": "",
      "redirect": "",
      "is_visible": true
    }
  },
  {
    "model": "system.permission",
    "pk": 41,
    "fields": {
      "create_time": "2023-03-12T13:12:04.861",
      "update_time": "2023-03-12T13:12:04.861",
      "creator": "admin",
      "modifier": "admin",
      "title": "查询所有用户列表",
      "parent": 4,
      "is_menu": false,
      "method": "GET",
      "url_path": "/system/users/all/",
      "icon": "",
      "component": "",
      "path": "",
      "redirect": "",
      "is_visible": true
    }
  },
  {
    "model": "system.permission",
    "pk": 42,
    "fields": {
      "create_time": "2023-03-12T13:13:43.611",
      "update_time": "2023-03-12T13:13:43.611",
      "creator": "admin",
      "modifier": "admin",
      "title": "项目详情",
      "parent": 33,
      "is_menu": true,
      "method": "",
      "url_path": "",
      "icon": "profile-outlined",
      "component": "@/views/pm/project/ProjectDetail.vue",
      "path": "/pm/projects/:projectId",
      "redirect": "",
      "is_visible": false
    }
  },
  {
    "model": "system.permission",
    "pk": 43,
    "fields": {
      "create_time": "2023-03-12T13:14:18.667",
      "update_time": "2023-03-12T13:14:18.667",
      "creator": "admin",
      "modifier": "admin",
      "title": "新增迭代",
      "parent": 42,
      "is_menu": false,
      "method": "POST",
      "url_path": "/pm/sprints/",
      "icon": "",
      "component": "",
      "path": "",
      "redirect": "",
      "is_visible": true
    }
  },
  {
    "model": "system.permission",
    "pk": 44,
    "fields": {
      "create_time": "2023-03-12T13:14:46.612",
      "update_time": "2023-03-12T13:14:46.612",
      "creator": "admin",
      "modifier": "admin",
      "title": "修改迭代",
      "parent": 42,
      "is_menu": false,
      "method": "PUT",
      "url_path": "/pm/sprints/\\d+/",
      "icon": "",
      "component": "",
      "path": "",
      "redirect": "",
      "is_visible": true
    }
  },
  {
    "model": "system.permission",
    "pk": 45,
    "fields": {
      "create_time": "2023-03-12T13:15:00.797",
      "update_time": "2023-03-12T13:15:00.797",
      "creator": "admin",
      "modifier": "admin",
      "title": "修改迭代部分信息",
      "parent": 42,
      "is_menu": false,
      "method": "PATCH",
      "url_path": "/pm/sprints/\\d+/",
      "icon": "",
      "component": "",
      "path": "",
      "redirect": "",
      "is_visible": true
    }
  },
  {
    "model": "system.permission",
    "pk": 46,
    "fields": {
      "create_time": "2023-03-12T13:15:27.721",
      "update_time": "2023-03-12T13:15:27.721",
      "creator": "admin",
      "modifier": "admin",
      "title": "查询迭代详情",
      "parent": 42,
      "is_menu": false,
      "method": "GET",
      "url_path": "/pm/sprints/\\d+/",
      "icon": "",
      "component": "",
      "path": "",
      "redirect": "",
      "is_visible": true
    }
  },
  {
    "model": "system.permission",
    "pk": 47,
    "fields": {
      "create_time": "2023-03-12T13:15:43.411",
      "update_time": "2023-03-12T13:15:43.411",
      "creator": "admin",
      "modifier": "admin",
      "title": "查询迭代列表",
      "parent": 42,
      "is_menu": false,
      "method": "GET",
      "url_path": "/pm/sprints/",
      "icon": "",
      "component": "",
      "path": "",
      "redirect": "",
      "is_visible": true
    }
  },
  {
    "model": "system.permission",
    "pk": 48,
    "fields": {
      "create_time": "2023-03-12T13:16:00.220",
      "update_time": "2023-03-12T13:16:00.220",
      "creator": "admin",
      "modifier": "admin",
      "title": "删除迭代",
      "parent": 42,
      "is_menu": false,
      "method": "DELETE",
      "url_path": "/pm/sprints/\\d+/",
      "icon": "",
      "component": "",
      "path": "",
      "redirect": "",
      "is_visible": true
    }
  },
  {
    "model": "system.permission",
    "pk": 49,
    "fields": {
      "create_time": "2023-03-12T13:18:51.692",
      "update_time": "2023-03-12T13:18:51.692",
      "creator": "admin",
      "modifier": "admin",
      "title": "迭代详情",
      "parent": 33,
      "is_menu": true,
      "method": "",
      "url_path": "",
      "icon": "profile-outlined",
      "component": "@/views/pm/sprint/SprintDetail.vue",
      "path": "/pm/sprints/:sprintId",
      "redirect": "",
      "is_visible": false
    }
  },
  {
    "model": "system.permission",
    "pk": 50,
    "fields": {
      "create_time": "2023-03-12T13:20:43.959",
      "update_time": "2023-03-12T13:20:43.959",
      "creator": "admin",
      "modifier": "admin",
      "title": "需求列表",
      "parent": 49,
      "is_menu": true,
      "method": "",
      "url_path": "",
      "icon": "unordered-list-outlined",
      "component": "@/views/pm/workItem/FeatureList.vue",
      "path": "/pm/sprints/:sprintId/features/list",
      "redirect": "",
      "is_visible": false
    }
  },
  {
    "model": "system.permission",
    "pk": 51,
    "fields": {
      "create_time": "2023-03-12T13:21:12.701",
      "update_time": "2023-03-12T13:21:12.701",
      "creator": "admin",
      "modifier": "admin",
      "title": "任务列表",
      "parent": 49,
      "is_menu": true,
      "method": "",
      "url_path": "",
      "icon": "unordered-list-outlined",
      "component": "@/views/pm/workItem/TaskList.vue",
      "path": "/pm/sprints/:sprintId/tasks/list",
      "redirect": "",
      "is_visible": false
    }
  },
  {
    "model": "system.permission",
    "pk": 52,
    "fields": {
      "create_time": "2023-03-12T13:21:47.844",
      "update_time": "2023-03-12T13:21:47.844",
      "creator": "admin",
      "modifier": "admin",
      "title": "缺陷列表",
      "parent": 49,
      "is_menu": true,
      "method": "",
      "url_path": "",
      "icon": "unordered-list-outlined",
      "component": "@/views/pm/workItem/BugList.vue",
      "path": "/pm/sprints/:sprintId/bugs/list",
      "redirect": "",
      "is_visible": false
    }
  },
  {
    "model": "system.permission",
    "pk": 53,
    "fields": {
      "create_time": "2023-03-12T13:23:01.890",
      "update_time": "2023-03-12T13:23:01.890",
      "creator": "admin",
      "modifier": "admin",
      "title": "新增工作项",
      "parent": 49,
      "is_menu": false,
      "method": "POST",
      "url_path": "/pm/work-items/",
      "icon": "",
      "component": "",
      "path": "",
      "redirect": "",
      "is_visible": true
    }
  },
  {
    "model": "system.permission",
    "pk": 54,
    "fields": {
      "create_time": "2023-03-12T13:23:18.187",
      "update_time": "2023-03-12T13:23:18.187",
      "creator": "admin",
      "modifier": "admin",
      "title": "修改工作项",
      "parent": 49,
      "is_menu": false,
      "method": "PUT",
      "url_path": "/pm/work-items/\\d+/",
      "icon": "",
      "component": "",
      "path": "",
      "redirect": "",
      "is_visible": true
    }
  },
  {
    "model": "system.permission",
    "pk": 55,
    "fields": {
      "create_time": "2023-03-12T13:23:30.528",
      "update_time": "2023-03-12T13:23:30.528",
      "creator": "admin",
      "modifier": "admin",
      "title": "修改工作项部分信息",
      "parent": 49,
      "is_menu": false,
      "method": "PATCH",
      "url_path": "/pm/work-items/\\d+/",
      "icon": "",
      "component": "",
      "path": "",
      "redirect": "",
      "is_visible": true
    }
  },
  {
    "model": "system.permission",
    "pk": 56,
    "fields": {
      "create_time": "2023-03-12T13:23:46.721",
      "update_time": "2023-03-12T13:23:46.721",
      "creator": "admin",
      "modifier": "admin",
      "title": "查询工作项详情",
      "parent": 49,
      "is_menu": false,
      "method": "GET",
      "url_path": "/pm/work-items/\\d+/",
      "icon": "",
      "component": "",
      "path": "",
      "redirect": "",
      "is_visible": true
    }
  },
  {
    "model": "system.permission",
    "pk": 57,
    "fields": {
      "create_time": "2023-03-12T13:24:05.754",
      "update_time": "2023-03-12T13:24:05.754",
      "creator": "admin",
      "modifier": "admin",
      "title": "查询工作项列表",
      "parent": 49,
      "is_menu": false,
      "method": "GET",
      "url_path": "/pm/work-items/",
      "icon": "",
      "component": "",
      "path": "",
      "redirect": "",
      "is_visible": true
    }
  },
  {
    "model": "system.permission",
    "pk": 58,
    "fields": {
      "create_time": "2023-03-12T13:24:36.803",
      "update_time": "2023-03-12T13:24:36.803",
      "creator": "admin",
      "modifier": "admin",
      "title": "删除工作项",
      "parent": 49,
      "is_menu": false,
      "method": "DELETE",
      "url_path": "/pm/work-items/\\d+/",
      "icon": "",
      "component": "",
      "path": "",
      "redirect": "",
      "is_visible": true
    }
  },
  {
    "model": "system.permission",
    "pk": 59,
    "fields": {
      "create_time": "2023-03-12T13:25:47.203",
      "update_time": "2023-03-12T13:25:47.203",
      "creator": "admin",
      "modifier": "admin",
      "title": "设备管理",
      "parent": null,
      "is_menu": true,
      "method": "",
      "url_path": "",
      "icon": "cloud-server-outlined",
      "component": "@/layout/BasicLayout.vue",
      "path": "/dm",
      "redirect": "/dm/devices/list",
      "is_visible": true
    }
  },
  {
    "model": "system.permission",
    "pk": 60,
    "fields": {
      "create_time": "2023-03-12T13:26:35.084",
      "update_time": "2023-03-12T13:26:35.084",
      "creator": "admin",
      "modifier": "admin",
      "title": "设备列表",
      "parent": 59,
      "is_menu": true,
      "method": "",
      "url_path": "",
      "icon": "unordered-list-outlined",
      "component": "@/views/device/DeviceList.vue",
      "path": "/dm/devices/list",
      "redirect": "",
      "is_visible": false
    }
  },
  {
    "model": "system.permission",
    "pk": 61,
    "fields": {
      "create_time": "2023-03-12T13:27:00.763",
      "update_time": "2023-03-12T13:27:00.763",
      "creator": "admin",
      "modifier": "admin",
      "title": "查询设备列表",
      "parent": 60,
      "is_menu": false,
      "method": "GET",
      "url_path": "/devices/",
      "icon": "",
      "component": "",
      "path": "",
      "redirect": "",
      "is_visible": true
    }
  },
  {
    "model": "system.permission",
    "pk": 62,
    "fields": {
      "create_time": "2023-03-12T13:27:28.679",
      "update_time": "2023-03-12T13:27:28.679",
      "creator": "admin",
      "modifier": "admin",
      "title": "查询设备详情",
      "parent": 60,
      "is_menu": false,
      "method": "GET",
      "url_path": "/devices/\\d+/",
      "icon": "",
      "component": "",
      "path": "",
      "redirect": "",
      "is_visible": true
    }
  },
  {
    "model": "system.permission",
    "pk": 63,
    "fields": {
      "create_time": "2023-03-12T13:27:42.508",
      "update_time": "2023-03-12T13:27:42.508",
      "creator": "admin",
      "modifier": "admin",
      "title": "修改设备部分信息",
      "parent": 60,
      "is_menu": false,
      "method": "PATCH",
      "url_path": "/devices/\\d+/",
      "icon": "",
      "component": "",
      "path": "",
      "redirect": "",
      "is_visible": true
    }
  },
  {
    "model": "system.permission",
    "pk": 64,
    "fields": {
      "create_time": "2023-03-12T13:27:51.112",
      "update_time": "2023-03-12T13:27:51.112",
      "creator": "admin",
      "modifier": "admin",
      "title": "修改设备",
      "parent": 60,
      "is_menu": false,
      "method": "PUT",
      "url_path": "/devices/\\d+/",
      "icon": "",
      "component": "",
      "path": "",
      "redirect": "",
      "is_visible": true
    }
  },
  {
    "model": "system.permission",
    "pk": 65,
    "fields": {
      "create_time": "2023-03-12T13:28:01.947",
      "update_time": "2023-03-12T13:28:01.948",
      "creator": "admin",
      "modifier": "admin",
      "title": "删除设备",
      "parent": 60,
      "is_menu": false,
      "method": "DELETE",
      "url_path": "/devices/\\d+/",
      "icon": "",
      "component": "",
      "path": "",
      "redirect": "",
      "is_visible": true
    }
  },
  {
    "model": "system.permission",
    "pk": 66,
    "fields": {
      "create_time": "2023-03-12T13:28:31.395",
      "update_time": "2023-03-12T13:28:31.395",
      "creator": "admin",
      "modifier": "admin",
      "title": "新增设备",
      "parent": 60,
      "is_menu": false,
      "method": "POST",
      "url_path": "/devices/",
      "icon": "",
      "component": "",
      "path": "",
      "redirect": "",
      "is_visible": true
    }
  },
  {
    "model": "system.permission",
    "pk": 67,
    "fields": {
      "create_time": "2023-03-12T13:29:58.681",
      "update_time": "2023-03-12T13:29:58.681",
      "creator": "admin",
      "modifier": "admin",
      "title": "采集历史",
      "parent": 59,
      "is_menu": true,
      "method": "",
      "url_path": "",
      "icon": "unordered-list-outlined",
      "component": "@/views/device/CollectionHistory.vue",
      "path": "/dm/cps/list",
      "redirect": "",
      "is_visible": false
    }
  },
  {
    "model": "system.permission",
    "pk": 68,
    "fields": {
      "create_time": "2023-03-12T13:30:58.173",
      "update_time": "2023-03-12T13:30:58.173",
      "creator": "admin",
      "modifier": "admin",
      "title": "查询设备性能数据详情",
      "parent": 67,
      "is_menu": false,
      "method": "GET",
      "url_path": "/task-results/[a-fA-F0-9]{8}-[a-fA-F0-9]{4}-[a-fA-F0-9]{4}-[a-fA-F0-9]{4}-[a-fA-F0-9]{12}/",
      "icon": "",
      "component": "",
      "path": "",
      "redirect": "",
      "is_visible": true
    }
  },
  {
    "model": "system.permission",
    "pk": 69,
    "fields": {
      "create_time": "2023-03-12T13:32:24.381",
      "update_time": "2023-03-12T13:33:26.321",
      "creator": "admin",
      "modifier": "admin",
      "title": "查询设备探活日志",
      "parent": 60,
      "is_menu": false,
      "method": "GET",
      "url_path": "/devices/\\d+/device-alive-logs/",
      "icon": "",
      "component": "",
      "path": "",
      "redirect": "",
      "is_visible": true
    }
  },
  {
    "model": "system.permission",
    "pk": 70,
    "fields": {
      "create_time": "2023-03-12T13:33:49.948",
      "update_time": "2023-03-12T13:33:49.948",
      "creator": "admin",
      "modifier": "admin",
      "title": "部署agent",
      "parent": 60,
      "is_menu": false,
      "method": "GET",
      "url_path": "/devices/\\d+/deploy-agent/",
      "icon": "",
      "component": "",
      "path": "",
      "redirect": "",
      "is_visible": true
    }
  },
  {
    "model": "system.permission",
    "pk": 71,
    "fields": {
      "create_time": "2023-03-12T13:34:12.584",
      "update_time": "2023-03-12T13:34:12.584",
      "creator": "admin",
      "modifier": "admin",
      "title": "采集设备性能数据",
      "parent": 60,
      "is_menu": false,
      "method": "POST",
      "url_path": "/devices/\\d+/collect-perf-data/",
      "icon": "",
      "component": "",
      "path": "",
      "redirect": "",
      "is_visible": true
    }
  },
  {
    "model": "system.permission",
    "pk": 72,
    "fields": {
      "create_time": "2023-03-12T13:34:48.160",
      "update_time": "2023-03-12T13:34:48.160",
      "creator": "admin",
      "modifier": "admin",
      "title": "查询设备性能数据采集历史",
      "parent": 67,
      "is_menu": false,
      "method": "GET",
      "url_path": "/task-results/",
      "icon": "",
      "component": "",
      "path": "",
      "redirect": "",
      "is_visible": true
    }
  },
  {
    "model": "system.permission",
    "pk": 73,
    "fields": {
      "create_time": "2023-03-12T13:35:22.337",
      "update_time": "2023-03-12T13:35:22.337",
      "creator": "admin",
      "modifier": "admin",
      "title": "修改任务结果部分信息",
      "parent": 67,
      "is_menu": false,
      "method": "PATCH",
      "url_path": "/task-results/[a-fA-F0-9]{8}-[a-fA-F0-9]{4}-[a-fA-F0-9]{4}-[a-fA-F0-9]{4}-[a-fA-F0-9]{12}/",
      "icon": "",
      "component": "",
      "path": "",
      "redirect": "",
      "is_visible": true
    }
  },
  {
    "model": "system.permission",
    "pk": 74,
    "fields": {
      "create_time": "2023-03-12T13:35:56.627",
      "update_time": "2023-03-12T13:35:56.627",
      "creator": "admin",
      "modifier": "admin",
      "title": "修改任务结果信息",
      "parent": 67,
      "is_menu": false,
      "method": "PUT",
      "url_path": "/task-results/[a-fA-F0-9]{8}-[a-fA-F0-9]{4}-[a-fA-F0-9]{4}-[a-fA-F0-9]{4}-[a-fA-F0-9]{12}/",
      "icon": "",
      "component": "",
      "path": "",
      "redirect": "",
      "is_visible": true
    }
  },
  {
    "model": "system.permission",
    "pk": 75,
    "fields": {
      "create_time": "2023-03-12T13:38:17.904",
      "update_time": "2023-03-12T13:38:17.904",
      "creator": "admin",
      "modifier": "admin",
      "title": "获取当前项目下的所有成员",
      "parent": 34,
      "is_menu": false,
      "method": "GET",
      "url_path": "/pm/projects/\\d+/members/",
      "icon": "",
      "component": "",
      "path": "",
      "redirect": "",
      "is_visible": true
    }
  },
  {
    "model": "system.permission",
    "pk": 76,
    "fields": {
      "create_time": "2023-03-14T09:43:09.642",
      "update_time": "2023-03-14T09:43:09.642",
      "creator": "admin",
      "modifier": "admin",
      "title": "查询工作项变更记录列表",
      "parent": 49,
      "is_menu": false,
      "method": "GET",
      "url_path": "/pm/changelogs/",
      "icon": "",
      "component": "",
      "path": "",
      "redirect": "",
      "is_visible": true
    }
  },
  {
    "model": "system.permission",
    "pk": 77,
    "fields": {
      "create_time": "2023-03-14T09:43:32.759",
      "update_time": "2023-03-14T09:43:32.759",
      "creator": "admin",
      "modifier": "admin",
      "title": "查询工作项变更记录详情",
      "parent": 49,
      "is_menu": false,
      "method": "GET",
      "url_path": "/pm/changelogs/\\d+/",
      "icon": "",
      "component": "",
      "path": "",
      "redirect": "",
      "is_visible": true
    }
  },
  {
    "model": "system.permission",
    "pk": 78,
    "fields": {
      "create_time": "2023-03-14T09:44:10.821",
      "update_time": "2023-03-14T09:44:10.821",
      "creator": "admin",
      "modifier": "admin",
      "title": "查询评论列表",
      "parent": 49,
      "is_menu": false,
      "method": "GET",
      "url_path": "/pm/comments/",
      "icon": "",
      "component": "",
      "path": "",
      "redirect": "",
      "is_visible": true
    }
  },
  {
    "model": "system.permission",
    "pk": 79,
    "fields": {
      "create_time": "2023-03-14T09:44:49.761",
      "update_time": "2023-03-14T09:44:49.761",
      "creator": "admin",
      "modifier": "admin",
      "title": "查询评论详情",
      "parent": 49,
      "is_menu": false,
      "method": "GET",
      "url_path": "/pm/comments/\\d+/",
      "icon": "",
      "component": "",
      "path": "",
      "redirect": "",
      "is_visible": true
    }
  },
  {
    "model": "system.permission",
    "pk": 80,
    "fields": {
      "create_time": "2023-03-14T09:45:15.801",
      "update_time": "2023-03-14T09:45:15.801",
      "creator": "admin",
      "modifier": "admin",
      "title": "新增评论",
      "parent": 49,
      "is_menu": false,
      "method": "POST",
      "url_path": "/pm/comments/",
      "icon": "",
      "component": "",
      "path": "",
      "redirect": "",
      "is_visible": true
    }
  },
  {
    "model": "system.permission",
    "pk": 81,
    "fields": {
      "create_time": "2023-03-14T09:45:44.699",
      "update_time": "2023-03-14T09:45:44.699",
      "creator": "admin",
      "modifier": "admin",
      "title": "修改评论",
      "parent": 49,
      "is_menu": false,
      "method": "PUT",
      "url_path": "/pm/comments/\\d+/",
      "icon": "",
      "component": "",
      "path": "",
      "redirect": "",
      "is_visible": true
    }
  },
  {
    "model": "system.permission",
    "pk": 82,
    "fields": {
      "create_time": "2023-03-14T09:45:53.754",
      "update_time": "2023-03-14T09:45:53.754",
      "creator": "admin",
      "modifier": "admin",
      "title": "修改评论部分信息",
      "parent": 49,
      "is_menu": false,
      "method": "PATCH",
      "url_path": "/pm/comments/\\d+/",
      "icon": "",
      "component": "",
      "path": "",
      "redirect": "",
      "is_visible": true
    }
  },
  {
    "model": "system.permission",
    "pk": 83,
    "fields": {
      "create_time": "2023-03-14T09:46:08.937",
      "update_time": "2023-03-14T09:46:08.937",
      "creator": "admin",
      "modifier": "admin",
      "title": "删除评论",
      "parent": 49,
      "is_menu": false,
      "method": "DELETE",
      "url_path": "/pm/comments/\\d+/",
      "icon": "",
      "component": "",
      "path": "",
      "redirect": "",
      "is_visible": true
    }
  },
  {
    "model": "system.permission",
    "pk": 84,
    "fields": {
      "create_time": "2023-03-14T09:47:02.334",
      "update_time": "2023-03-14T09:47:02.334",
      "creator": "admin",
      "modifier": "admin",
      "title": "查询文件列表",
      "parent": 49,
      "is_menu": false,
      "method": "GET",
      "url_path": "/pm/files/",
      "icon": "",
      "component": "",
      "path": "",
      "redirect": "",
      "is_visible": true
    }
  },
  {
    "model": "system.permission",
    "pk": 85,
    "fields": {
      "create_time": "2023-03-14T09:47:19.389",
      "update_time": "2023-03-14T09:47:19.389",
      "creator": "admin",
      "modifier": "admin",
      "title": "查询文件详情",
      "parent": 49,
      "is_menu": false,
      "method": "GET",
      "url_path": "/pm/files/\\d+/",
      "icon": "",
      "component": "",
      "path": "",
      "redirect": "",
      "is_visible": true
    }
  },
  {
    "model": "system.permission",
    "pk": 86,
    "fields": {
      "create_time": "2023-03-14T09:47:31.121",
      "update_time": "2023-03-14T09:47:31.121",
      "creator": "admin",
      "modifier": "admin",
      "title": "删除文件",
      "parent": 49,
      "is_menu": false,
      "method": "DELETE",
      "url_path": "/pm/files/\\d+/",
      "icon": "",
      "component": "",
      "path": "",
      "redirect": "",
      "is_visible": true
    }
  },
  {
    "model": "system.permission",
    "pk": 87,
    "fields": {
      "create_time": "2023-03-14T09:47:57.855",
      "update_time": "2023-03-14T09:47:57.855",
      "creator": "admin",
      "modifier": "admin",
      "title": "修改文件",
      "parent": 49,
      "is_menu": false,
      "method": "PUT",
      "url_path": "/pm/files/\\d+/",
      "icon": "",
      "component": "",
      "path": "",
      "redirect": "",
      "is_visible": true
    }
  },
  {
    "model": "system.permission",
    "pk": 88,
    "fields": {
      "create_time": "2023-03-14T09:48:10.287",
      "update_time": "2023-03-14T09:48:10.288",
      "creator": "admin",
      "modifier": "admin",
      "title": "修改文件部分信息",
      "parent": 49,
      "is_menu": false,
      "method": "PATCH",
      "url_path": "/pm/files/\\d+/",
      "icon": "",
      "component": "",
      "path": "",
      "redirect": "",
      "is_visible": true
    }
  },
  {
    "model": "system.permission",
    "pk": 89,
    "fields": {
      "create_time": "2023-03-14T09:48:28.263",
      "update_time": "2023-03-14T09:48:28.263",
      "creator": "admin",
      "modifier": "admin",
      "title": "新建文件",
      "parent": 49,
      "is_menu": false,
      "method": "POST",
      "url_path": "/pm/files/",
      "icon": "",
      "component": "",
      "path": "",
      "redirect": "",
      "is_visible": true
    }
  },
  {
    "model": "system.role",
    "pk": 1,
    "fields": {
      "create_time": "2023-03-12T13:39:07.497",
      "update_time": "2023-03-12T13:40:23.068",
      "creator": "admin",
      "modifier": "admin",
      "name": "superadmin",
      "desc": "超级管理员角色",
      "permissions": [
        1,
        2,
        3,
        4,
        5,
        6,
        7,
        8,
        9,
        10,
        11,
        12,
        13,
        14,
        15,
        16,
        17,
        18,
        19,
        20,
        21,
        22,
        23,
        24,
        25,
        26,
        27,
        28,
        29,
        30,
        31,
        32,
        33,
        34,
        35,
        36,
        37,
        38,
        39,
        40,
        41,
        42,
        43,
        44,
        45,
        46,
        47,
        48,
        49,
        50,
        51,
        52,
        53,
        54,
        55,
        56,
        57,
        58,
        59,
        60,
        61,
        62,
        63,
        64,
        65,
        66,
        67,
        68,
        69,
        70,
        71,
        72,
        73,
        74,
        75,
        76,
        77,
        78,
        79,
        80,
        81,
        82,
        83,
        84,
        85,
        86,
        87,
        88,
        89
      ]
    }
  },
  {
    "model": "system.role",
    "pk": 2,
    "fields": {
      "create_time": "2023-03-12T13:40:38.891",
      "update_time": "2023-03-12T13:59:16.312",
      "creator": "admin",
      "modifier": "admin",
      "name": "user",
      "desc": "普通用户角色",
      "permissions": [
        1,
        6,
        33,
        34,
        35,
        36,
        37,
        38,
        39,
        40,
        41,
        42,
        43,
        44,
        45,
        46,
        47,
        48,
        49,
        50,
        51,
        52,
        53,
        54,
        55,
        56,
        57,
        58,
        59,
        60,
        61,
        62,
        63,
        64,
        65,
        66,
        67,
        68,
        69,
        70,
        71,
        72,
        73,
        74,
        75,
        76,
        77,
        78,
        79,
        80,
        81,
        82,
        83,
        84,
        85,
        86,
        87,
        88,
        89
      ]
    }
  },
  {
    "model": "system.role",
    "pk": 3,
    "fields": {
      "create_time": "2023-03-12T14:03:01.262",
      "update_time": "2023-03-12T14:07:01.829",
      "creator": "admin",
      "modifier": "admin",
      "name": "consumer",
      "desc": "异步任务中的消费者角色",
      "permissions": [
        73
      ]
    }
  },
  {
    "model": "system.organization",
    "pk": 1,
    "fields": {
      "create_time": "2023-03-12T13:44:22.890",
      "update_time": "2023-03-12T13:44:22.890",
      "creator": "admin",
      "modifier": "admin",
      "name": "北京xxx科技有限公司",
      "type": "company",
      "parent": null
    }
  },
  {
    "model": "system.organization",
    "pk": 2,
    "fields": {
      "create_time": "2023-03-12T13:44:43.580",
      "update_time": "2023-03-12T13:44:43.580",
      "creator": "admin",
      "modifier": "admin",
      "name": "研发部",
      "type": "department",
      "parent": 1
    }
  },
  {
    "model": "system.organization",
    "pk": 3,
    "fields": {
      "create_time": "2023-03-12T13:44:56.602",
      "update_time": "2023-03-12T13:45:38.778",
      "creator": "admin",
      "modifier": "admin",
      "name": "前端组",
      "type": "department",
      "parent": 2
    }
  },
  {
    "model": "system.organization",
    "pk": 4,
    "fields": {
      "create_time": "2023-03-12T13:45:08.535",
      "update_time": "2023-03-12T13:45:44.272",
      "creator": "admin",
      "modifier": "admin",
      "name": "后端组",
      "type": "department",
      "parent": 2
    }
  },
  {
    "model": "system.organization",
    "pk": 5,
    "fields": {
      "create_time": "2023-03-12T13:46:45.989",
      "update_time": "2023-03-12T13:46:45.989",
      "creator": "admin",
      "modifier": "admin",
      "name": "测试组",
      "type": "department",
      "parent": 2
    }
  },
  {
    "model": "system.organization",
    "pk": 6,
    "fields": {
      "create_time": "2023-03-12T13:47:08.195",
      "update_time": "2023-03-12T13:47:08.195",
      "creator": "admin",
      "modifier": "admin",
      "name": "UI组",
      "type": "department",
      "parent": 2
    }
  },
  {
    "model": "system.organization",
    "pk": 7,
    "fields": {
      "create_time": "2023-03-12T13:47:17.758",
      "update_time": "2023-03-12T13:47:17.758",
      "creator": "admin",
      "modifier": "admin",
      "name": "产品组",
      "type": "department",
      "parent": 2
    }
  },
  {
    "model": "system.organization",
    "pk": 8,
    "fields": {
      "create_time": "2023-03-12T13:47:29.738",
      "update_time": "2023-03-12T13:47:29.738",
      "creator": "admin",
      "modifier": "admin",
      "name": "运维组",
      "type": "department",
      "parent": 2
    }
  },
  {
    "model": "system.user",
    "pk": 1,
    "fields": {
      "password": "pbkdf2_sha256$260000$dgFXBPEmG7tZUXnhkC6EQO$LRuzgb0DGXhtD0tQLPMC+G0oQD96tS3f1YPVeaf5jS0=",
      "last_login": null,
      "is_superuser": true,
      "username": "admin",
      "first_name": "",
      "last_name": "",
      "email": "admin@qq.com",
      "is_staff": true,
      "is_active": true,
      "date_joined": "2023-03-12T12:42:41.371",
      "name": "马保国",
      "birthday": null,
      "gender": "male",
      "mobile": "",
      "avatar": "avatars/brave.png",
      "department": 7,
      "position": "浑元形意太极拳掌门人",
      "groups": [],
      "user_permissions": [],
      "roles": [
        1
      ]
    }
  },
  {
    "model": "system.user",
    "pk": 2,
    "fields": {
      "password": "pbkdf2_sha256$260000$IuU20cv3hG2VteVIY4QH2e$/jVYcyW9sksQcGWiLSJYQ54IEW7EYI0fDKSy/oFUGX8=",
      "last_login": null,
      "is_superuser": false,
      "username": "test",
      "first_name": "",
      "last_name": "",
      "email": "test@qq.com",
      "is_staff": true,
      "is_active": true,
      "date_joined": "2023-03-12T13:52:07.630",
      "name": "周立齐",
      "birthday": null,
      "gender": "male",
      "mobile": "",
      "avatar": "avatars/brave.png",
      "department": 4,
      "position": "地雷脚本工程师",
      "groups": [],
      "user_permissions": [],
      "roles": [
        2
      ]
    }
  },
  {
    "model": "system.user",
    "pk": 3,
    "fields": {
      "password": "pbkdf2_sha256$260000$cZfWKpiGOSZiyytrRN37Im$95SAEjNApiu4zQ1HMQl9XlYqN2rNtMbIduTcPfrX5p4=",
      "last_login": null,
      "is_superuser": false,
      "username": "sam",
      "first_name": "",
      "last_name": "",
      "email": "sam@qq.com",
      "is_staff": false,
      "is_active": true,
      "date_joined": "2023-03-12T13:56:03.336",
      "name": "山姆",
      "birthday": null,
      "gender": "male",
      "mobile": "",
      "avatar": "avatars/brave.png",
      "department": 3,
      "position": "前端开发工程师",
      "groups": [],
      "user_permissions": [],
      "roles": [
        2
      ]
    }
  },
  {
    "model": "system.user",
    "pk": 4,
    "fields": {
      "password": "pbkdf2_sha256$260000$XmFunMiNQu38S4No2oKJbs$Db8CRwW/bboysonipyt59XUEiGJ9dg4Z0kGtTUSpySA=",
      "last_login": null,
      "is_superuser": false,
      "username": "consumer",
      "first_name": "",
      "last_name": "",
      "email": "consumer@qq.com",
      "is_staff": false,
      "is_active": true,
      "date_joined": "2023-03-12T14:09:45.980",
      "name": "消费者",
      "birthday": null,
      "gender": "male",
      "mobile": "",
      "avatar": "avatars/brave.png",
      "department": null,
      "position": "调用任务回调API的专属用户",
      "groups": [],
      "user_permissions": [],
      "roles": [
        3
      ]
    }
  }
]
