[
{
  "model": "auth.permission",
  "pk": 1,
  "fields": {
    "name": "Can add log entry",
    "content_type": 1,
    "codename": "add_logentry"
  }
},
{
  "model": "auth.permission",
  "pk": 2,
  "fields": {
    "name": "Can change log entry",
    "content_type": 1,
    "codename": "change_logentry"
  }
},
{
  "model": "auth.permission",
  "pk": 3,
  "fields": {
    "name": "Can delete log entry",
    "content_type": 1,
    "codename": "delete_logentry"
  }
},
{
  "model": "auth.permission",
  "pk": 4,
  "fields": {
    "name": "Can view log entry",
    "content_type": 1,
    "codename": "view_logentry"
  }
},
{
  "model": "auth.permission",
  "pk": 5,
  "fields": {
    "name": "Can add permission",
    "content_type": 2,
    "codename": "add_permission"
  }
},
{
  "model": "auth.permission",
  "pk": 6,
  "fields": {
    "name": "Can change permission",
    "content_type": 2,
    "codename": "change_permission"
  }
},
{
  "model": "auth.permission",
  "pk": 7,
  "fields": {
    "name": "Can delete permission",
    "content_type": 2,
    "codename": "delete_permission"
  }
},
{
  "model": "auth.permission",
  "pk": 8,
  "fields": {
    "name": "Can view permission",
    "content_type": 2,
    "codename": "view_permission"
  }
},
{
  "model": "auth.permission",
  "pk": 9,
  "fields": {
    "name": "Can add group",
    "content_type": 3,
    "codename": "add_group"
  }
},
{
  "model": "auth.permission",
  "pk": 10,
  "fields": {
    "name": "Can change group",
    "content_type": 3,
    "codename": "change_group"
  }
},
{
  "model": "auth.permission",
  "pk": 11,
  "fields": {
    "name": "Can delete group",
    "content_type": 3,
    "codename": "delete_group"
  }
},
{
  "model": "auth.permission",
  "pk": 12,
  "fields": {
    "name": "Can view group",
    "content_type": 3,
    "codename": "view_group"
  }
},
{
  "model": "auth.permission",
  "pk": 13,
  "fields": {
    "name": "Can add content type",
    "content_type": 4,
    "codename": "add_contenttype"
  }
},
{
  "model": "auth.permission",
  "pk": 14,
  "fields": {
    "name": "Can change content type",
    "content_type": 4,
    "codename": "change_contenttype"
  }
},
{
  "model": "auth.permission",
  "pk": 15,
  "fields": {
    "name": "Can delete content type",
    "content_type": 4,
    "codename": "delete_contenttype"
  }
},
{
  "model": "auth.permission",
  "pk": 16,
  "fields": {
    "name": "Can view content type",
    "content_type": 4,
    "codename": "view_contenttype"
  }
},
{
  "model": "auth.permission",
  "pk": 17,
  "fields": {
    "name": "Can add session",
    "content_type": 5,
    "codename": "add_session"
  }
},
{
  "model": "auth.permission",
  "pk": 18,
  "fields": {
    "name": "Can change session",
    "content_type": 5,
    "codename": "change_session"
  }
},
{
  "model": "auth.permission",
  "pk": 19,
  "fields": {
    "name": "Can delete session",
    "content_type": 5,
    "codename": "delete_session"
  }
},
{
  "model": "auth.permission",
  "pk": 20,
  "fields": {
    "name": "Can view session",
    "content_type": 5,
    "codename": "view_session"
  }
},
{
  "model": "auth.permission",
  "pk": 21,
  "fields": {
    "name": "Can add 权限",
    "content_type": 6,
    "codename": "add_permission"
  }
},
{
  "model": "auth.permission",
  "pk": 22,
  "fields": {
    "name": "Can change 权限",
    "content_type": 6,
    "codename": "change_permission"
  }
},
{
  "model": "auth.permission",
  "pk": 23,
  "fields": {
    "name": "Can delete 权限",
    "content_type": 6,
    "codename": "delete_permission"
  }
},
{
  "model": "auth.permission",
  "pk": 24,
  "fields": {
    "name": "Can view 权限",
    "content_type": 6,
    "codename": "view_permission"
  }
},
{
  "model": "auth.permission",
  "pk": 25,
  "fields": {
    "name": "Can add 角色",
    "content_type": 7,
    "codename": "add_role"
  }
},
{
  "model": "auth.permission",
  "pk": 26,
  "fields": {
    "name": "Can change 角色",
    "content_type": 7,
    "codename": "change_role"
  }
},
{
  "model": "auth.permission",
  "pk": 27,
  "fields": {
    "name": "Can delete 角色",
    "content_type": 7,
    "codename": "delete_role"
  }
},
{
  "model": "auth.permission",
  "pk": 28,
  "fields": {
    "name": "Can view 角色",
    "content_type": 7,
    "codename": "view_role"
  }
},
{
  "model": "auth.permission",
  "pk": 29,
  "fields": {
    "name": "Can add 组织架构",
    "content_type": 8,
    "codename": "add_organization"
  }
},
{
  "model": "auth.permission",
  "pk": 30,
  "fields": {
    "name": "Can change 组织架构",
    "content_type": 8,
    "codename": "change_organization"
  }
},
{
  "model": "auth.permission",
  "pk": 31,
  "fields": {
    "name": "Can delete 组织架构",
    "content_type": 8,
    "codename": "delete_organization"
  }
},
{
  "model": "auth.permission",
  "pk": 32,
  "fields": {
    "name": "Can view 组织架构",
    "content_type": 8,
    "codename": "view_organization"
  }
},
{
  "model": "auth.permission",
  "pk": 33,
  "fields": {
    "name": "Can add 用户",
    "content_type": 9,
    "codename": "add_user"
  }
},
{
  "model": "auth.permission",
  "pk": 34,
  "fields": {
    "name": "Can change 用户",
    "content_type": 9,
    "codename": "change_user"
  }
},
{
  "model": "auth.permission",
  "pk": 35,
  "fields": {
    "name": "Can delete 用户",
    "content_type": 9,
    "codename": "delete_user"
  }
},
{
  "model": "auth.permission",
  "pk": 36,
  "fields": {
    "name": "Can view 用户",
    "content_type": 9,
    "codename": "view_user"
  }
},
{
  "model": "auth.permission",
  "pk": 37,
  "fields": {
    "name": "Can add 项目",
    "content_type": 10,
    "codename": "add_project"
  }
},
{
  "model": "auth.permission",
  "pk": 38,
  "fields": {
    "name": "Can change 项目",
    "content_type": 10,
    "codename": "change_project"
  }
},
{
  "model": "auth.permission",
  "pk": 39,
  "fields": {
    "name": "Can delete 项目",
    "content_type": 10,
    "codename": "delete_project"
  }
},
{
  "model": "auth.permission",
  "pk": 40,
  "fields": {
    "name": "Can view 项目",
    "content_type": 10,
    "codename": "view_project"
  }
},
{
  "model": "auth.permission",
  "pk": 41,
  "fields": {
    "name": "Can add 迭代",
    "content_type": 11,
    "codename": "add_sprint"
  }
},
{
  "model": "auth.permission",
  "pk": 42,
  "fields": {
    "name": "Can change 迭代",
    "content_type": 11,
    "codename": "change_sprint"
  }
},
{
  "model": "auth.permission",
  "pk": 43,
  "fields": {
    "name": "Can delete 迭代",
    "content_type": 11,
    "codename": "delete_sprint"
  }
},
{
  "model": "auth.permission",
  "pk": 44,
  "fields": {
    "name": "Can view 迭代",
    "content_type": 11,
    "codename": "view_sprint"
  }
},
{
  "model": "auth.permission",
  "pk": 45,
  "fields": {
    "name": "Can add 工作项",
    "content_type": 12,
    "codename": "add_workitem"
  }
},
{
  "model": "auth.permission",
  "pk": 46,
  "fields": {
    "name": "Can change 工作项",
    "content_type": 12,
    "codename": "change_workitem"
  }
},
{
  "model": "auth.permission",
  "pk": 47,
  "fields": {
    "name": "Can delete 工作项",
    "content_type": 12,
    "codename": "delete_workitem"
  }
},
{
  "model": "auth.permission",
  "pk": 48,
  "fields": {
    "name": "Can view 工作项",
    "content_type": 12,
    "codename": "view_workitem"
  }
},
{
  "model": "auth.permission",
  "pk": 49,
  "fields": {
    "name": "Can add 静态文件",
    "content_type": 13,
    "codename": "add_userfile"
  }
},
{
  "model": "auth.permission",
  "pk": 50,
  "fields": {
    "name": "Can change 静态文件",
    "content_type": 13,
    "codename": "change_userfile"
  }
},
{
  "model": "auth.permission",
  "pk": 51,
  "fields": {
    "name": "Can delete 静态文件",
    "content_type": 13,
    "codename": "delete_userfile"
  }
},
{
  "model": "auth.permission",
  "pk": 52,
  "fields": {
    "name": "Can view 静态文件",
    "content_type": 13,
    "codename": "view_userfile"
  }
},
{
  "model": "auth.permission",
  "pk": 53,
  "fields": {
    "name": "Can add 用户评论",
    "content_type": 14,
    "codename": "add_comment"
  }
},
{
  "model": "auth.permission",
  "pk": 54,
  "fields": {
    "name": "Can change 用户评论",
    "content_type": 14,
    "codename": "change_comment"
  }
},
{
  "model": "auth.permission",
  "pk": 55,
  "fields": {
    "name": "Can delete 用户评论",
    "content_type": 14,
    "codename": "delete_comment"
  }
},
{
  "model": "auth.permission",
  "pk": 56,
  "fields": {
    "name": "Can view 用户评论",
    "content_type": 14,
    "codename": "view_comment"
  }
},
{
  "model": "auth.permission",
  "pk": 57,
  "fields": {
    "name": "Can add 变更记录",
    "content_type": 15,
    "codename": "add_changelog"
  }
},
{
  "model": "auth.permission",
  "pk": 58,
  "fields": {
    "name": "Can change 变更记录",
    "content_type": 15,
    "codename": "change_changelog"
  }
},
{
  "model": "auth.permission",
  "pk": 59,
  "fields": {
    "name": "Can delete 变更记录",
    "content_type": 15,
    "codename": "delete_changelog"
  }
},
{
  "model": "auth.permission",
  "pk": 60,
  "fields": {
    "name": "Can view 变更记录",
    "content_type": 15,
    "codename": "view_changelog"
  }
},
{
  "model": "contenttypes.contenttype",
  "pk": 1,
  "fields": {
    "app_label": "admin",
    "model": "logentry"
  }
},
{
  "model": "contenttypes.contenttype",
  "pk": 2,
  "fields": {
    "app_label": "auth",
    "model": "permission"
  }
},
{
  "model": "contenttypes.contenttype",
  "pk": 3,
  "fields": {
    "app_label": "auth",
    "model": "group"
  }
},
{
  "model": "contenttypes.contenttype",
  "pk": 4,
  "fields": {
    "app_label": "contenttypes",
    "model": "contenttype"
  }
},
{
  "model": "contenttypes.contenttype",
  "pk": 5,
  "fields": {
    "app_label": "sessions",
    "model": "session"
  }
},
{
  "model": "contenttypes.contenttype",
  "pk": 6,
  "fields": {
    "app_label": "system",
    "model": "permission"
  }
},
{
  "model": "contenttypes.contenttype",
  "pk": 7,
  "fields": {
    "app_label": "system",
    "model": "role"
  }
},
{
  "model": "contenttypes.contenttype",
  "pk": 8,
  "fields": {
    "app_label": "system",
    "model": "organization"
  }
},
{
  "model": "contenttypes.contenttype",
  "pk": 9,
  "fields": {
    "app_label": "system",
    "model": "user"
  }
},
{
  "model": "contenttypes.contenttype",
  "pk": 10,
  "fields": {
    "app_label": "project",
    "model": "project"
  }
},
{
  "model": "contenttypes.contenttype",
  "pk": 11,
  "fields": {
    "app_label": "project",
    "model": "sprint"
  }
},
{
  "model": "contenttypes.contenttype",
  "pk": 12,
  "fields": {
    "app_label": "project",
    "model": "workitem"
  }
},
{
  "model": "contenttypes.contenttype",
  "pk": 13,
  "fields": {
    "app_label": "project",
    "model": "userfile"
  }
},
{
  "model": "contenttypes.contenttype",
  "pk": 14,
  "fields": {
    "app_label": "project",
    "model": "comment"
  }
},
{
  "model": "contenttypes.contenttype",
  "pk": 15,
  "fields": {
    "app_label": "project",
    "model": "changelog"
  }
},
{
  "model": "system.permission",
  "pk": 1,
  "fields": {
    "create_time": "2022-12-11T23:00:34.363",
    "update_time": "2023-01-09T00:19:47.425",
    "creator": "",
    "modifier": "",
    "title": "系统管理",
    "parent": null,
    "is_menu": true,
    "method": "",
    "url_path": "",
    "icon": "setting-outlined",
    "component": "@/layout/BasicLayout.vue",
    "path": "/system",
    "redirect": "users/list",
    "is_visible": true
  }
},
{
  "model": "system.permission",
  "pk": 2,
  "fields": {
    "create_time": "2022-12-11T23:03:50.880",
    "update_time": "2023-01-09T00:05:22.397",
    "creator": "",
    "modifier": "",
    "title": "权限管理",
    "parent": 1,
    "is_menu": true,
    "method": "",
    "url_path": "",
    "icon": "safety-outlined",
    "component": "@/views/system/permission/PermissionList.vue",
    "path": "permissions/list",
    "redirect": "",
    "is_visible": true
  }
},
{
  "model": "system.permission",
  "pk": 3,
  "fields": {
    "create_time": "2022-12-11T23:49:30.338",
    "update_time": "2023-01-09T00:05:17.055",
    "creator": "",
    "modifier": "",
    "title": "角色管理",
    "parent": 1,
    "is_menu": true,
    "method": "",
    "url_path": "",
    "icon": "team-outlined",
    "component": "@/views/system/role/RoleList.vue",
    "path": "roles/list",
    "redirect": "",
    "is_visible": true
  }
},
{
  "model": "system.permission",
  "pk": 4,
  "fields": {
    "create_time": "2022-12-11T23:50:20.159",
    "update_time": "2023-01-09T00:05:12.427",
    "creator": "",
    "modifier": "",
    "title": "用户管理",
    "parent": 1,
    "is_menu": true,
    "method": "",
    "url_path": "",
    "icon": "user-outlined",
    "component": "@/views/system/user/UserList.vue",
    "path": "users/list",
    "redirect": "",
    "is_visible": true
  }
},
{
  "model": "system.permission",
  "pk": 5,
  "fields": {
    "create_time": "2022-12-11T23:51:55.072",
    "update_time": "2023-01-09T00:05:02.007",
    "creator": "",
    "modifier": "",
    "title": "部门管理",
    "parent": 1,
    "is_menu": true,
    "method": "",
    "url_path": "",
    "icon": "home-outlined",
    "component": "@/views/system/organization/OrganizationList.vue",
    "path": "organizations/list",
    "redirect": "",
    "is_visible": true
  }
},
{
  "model": "system.permission",
  "pk": 6,
  "fields": {
    "create_time": "2022-12-11T23:56:13.453",
    "update_time": "2023-01-09T00:04:56.680",
    "creator": "",
    "modifier": "",
    "title": "服务器性能监控",
    "parent": 1,
    "is_menu": true,
    "method": "",
    "url_path": "",
    "icon": "cloud-server-outlined",
    "component": "@/views/system/server/ServerMonitor.vue",
    "path": "server/monitor",
    "redirect": "",
    "is_visible": true
  }
},
{
  "model": "system.permission",
  "pk": 7,
  "fields": {
    "create_time": "2022-12-12T00:01:29.545",
    "update_time": "2022-12-12T00:01:29.545",
    "creator": "",
    "modifier": "",
    "title": "新增权限",
    "parent": 2,
    "is_menu": false,
    "method": "POST",
    "url_path": "/system/permissions/",
    "icon": "",
    "component": "",
    "path": "",
    "redirect": "",
    "is_visible": true
  }
},
{
  "model": "system.permission",
  "pk": 8,
  "fields": {
    "create_time": "2022-12-12T00:02:04.900",
    "update_time": "2022-12-12T00:02:04.900",
    "creator": "",
    "modifier": "",
    "title": "查询权限列表",
    "parent": 2,
    "is_menu": false,
    "method": "GET",
    "url_path": "/system/permissions/",
    "icon": "",
    "component": "",
    "path": "",
    "redirect": "",
    "is_visible": true
  }
},
{
  "model": "system.permission",
  "pk": 9,
  "fields": {
    "create_time": "2022-12-12T00:03:06.677",
    "update_time": "2022-12-12T00:03:06.677",
    "creator": "",
    "modifier": "",
    "title": "查询权限详情",
    "parent": 2,
    "is_menu": false,
    "method": "GET",
    "url_path": "/system/permissions/\\d+/",
    "icon": "",
    "component": "",
    "path": "",
    "redirect": "",
    "is_visible": true
  }
},
{
  "model": "system.permission",
  "pk": 10,
  "fields": {
    "create_time": "2022-12-12T00:04:25.641",
    "update_time": "2022-12-12T00:04:25.641",
    "creator": "",
    "modifier": "",
    "title": "修改权限",
    "parent": 2,
    "is_menu": false,
    "method": "PUT",
    "url_path": "/system/permissions/\\d+/",
    "icon": "",
    "component": "",
    "path": "",
    "redirect": "",
    "is_visible": true
  }
},
{
  "model": "system.permission",
  "pk": 11,
  "fields": {
    "create_time": "2022-12-12T00:06:07.833",
    "update_time": "2022-12-12T00:06:07.833",
    "creator": "",
    "modifier": "",
    "title": "修改权限部分信息",
    "parent": 2,
    "is_menu": false,
    "method": "PATCH",
    "url_path": "/system/permissions/\\d+/",
    "icon": "",
    "component": "",
    "path": "",
    "redirect": "",
    "is_visible": true
  }
},
{
  "model": "system.permission",
  "pk": 12,
  "fields": {
    "create_time": "2022-12-12T00:06:53.322",
    "update_time": "2022-12-12T00:06:53.322",
    "creator": "",
    "modifier": "",
    "title": "删除权限",
    "parent": 2,
    "is_menu": false,
    "method": "DELETE",
    "url_path": "/system/permissions/\\d+/",
    "icon": "",
    "component": "",
    "path": "",
    "redirect": "",
    "is_visible": true
  }
},
{
  "model": "system.permission",
  "pk": 14,
  "fields": {
    "create_time": "2022-12-12T00:11:08.205",
    "update_time": "2022-12-12T00:11:08.205",
    "creator": "",
    "modifier": "",
    "title": "查询权限树列表",
    "parent": 2,
    "is_menu": false,
    "method": "GET",
    "url_path": "/system/permissions/tree/",
    "icon": "",
    "component": "",
    "path": "",
    "redirect": "",
    "is_visible": true
  }
},
{
  "model": "system.permission",
  "pk": 15,
  "fields": {
    "create_time": "2022-12-12T00:13:01.529",
    "update_time": "2022-12-12T00:13:01.529",
    "creator": "",
    "modifier": "",
    "title": "查询部门列表",
    "parent": 5,
    "is_menu": false,
    "method": "GET",
    "url_path": "/system/organizations/",
    "icon": "",
    "component": "",
    "path": "",
    "redirect": "",
    "is_visible": true
  }
},
{
  "model": "system.permission",
  "pk": 16,
  "fields": {
    "create_time": "2022-12-12T00:13:29.320",
    "update_time": "2022-12-12T00:13:29.320",
    "creator": "",
    "modifier": "",
    "title": "新增部门",
    "parent": 5,
    "is_menu": false,
    "method": "POST",
    "url_path": "/system/organizations/",
    "icon": "",
    "component": "",
    "path": "",
    "redirect": "",
    "is_visible": true
  }
},
{
  "model": "system.permission",
  "pk": 17,
  "fields": {
    "create_time": "2022-12-12T00:14:07.916",
    "update_time": "2022-12-12T00:14:07.916",
    "creator": "",
    "modifier": "",
    "title": "查询部门详情",
    "parent": 5,
    "is_menu": false,
    "method": "GET",
    "url_path": "/system/organizations/\\d+/",
    "icon": "",
    "component": "",
    "path": "",
    "redirect": "",
    "is_visible": true
  }
},
{
  "model": "system.permission",
  "pk": 18,
  "fields": {
    "create_time": "2022-12-12T00:14:41.915",
    "update_time": "2022-12-12T00:14:41.915",
    "creator": "",
    "modifier": "",
    "title": "修改部门",
    "parent": 5,
    "is_menu": false,
    "method": "PUT",
    "url_path": "/system/organizations/\\d+/",
    "icon": "",
    "component": "",
    "path": "",
    "redirect": "",
    "is_visible": true
  }
},
{
  "model": "system.permission",
  "pk": 19,
  "fields": {
    "create_time": "2022-12-12T00:15:10.604",
    "update_time": "2022-12-12T00:15:10.604",
    "creator": "",
    "modifier": "",
    "title": "修改部门部分信息",
    "parent": 5,
    "is_menu": false,
    "method": "PATCH",
    "url_path": "/system/organizations/\\d+/",
    "icon": "",
    "component": "",
    "path": "",
    "redirect": "",
    "is_visible": true
  }
},
{
  "model": "system.permission",
  "pk": 20,
  "fields": {
    "create_time": "2022-12-12T00:15:59.142",
    "update_time": "2022-12-12T00:15:59.142",
    "creator": "",
    "modifier": "",
    "title": "删除部门",
    "parent": 5,
    "is_menu": false,
    "method": "DELETE",
    "url_path": "/system/organizations/\\d+/",
    "icon": "",
    "component": "",
    "path": "",
    "redirect": "",
    "is_visible": true
  }
},
{
  "model": "system.permission",
  "pk": 21,
  "fields": {
    "create_time": "2022-12-12T00:16:33.443",
    "update_time": "2022-12-12T00:16:33.443",
    "creator": "",
    "modifier": "",
    "title": "查询部门树列表",
    "parent": 5,
    "is_menu": false,
    "method": "GET",
    "url_path": "/system/organizations/tree/",
    "icon": "",
    "component": "",
    "path": "",
    "redirect": "",
    "is_visible": true
  }
},
{
  "model": "system.permission",
  "pk": 22,
  "fields": {
    "create_time": "2022-12-12T00:22:09.297",
    "update_time": "2022-12-12T00:22:09.297",
    "creator": "",
    "modifier": "",
    "title": "查询用户列表",
    "parent": 4,
    "is_menu": false,
    "method": "GET",
    "url_path": "/system/users/",
    "icon": "",
    "component": "",
    "path": "",
    "redirect": "",
    "is_visible": true
  }
},
{
  "model": "system.permission",
  "pk": 23,
  "fields": {
    "create_time": "2022-12-12T00:22:25.464",
    "update_time": "2022-12-12T00:22:25.464",
    "creator": "",
    "modifier": "",
    "title": "新增用户",
    "parent": 4,
    "is_menu": false,
    "method": "POST",
    "url_path": "/system/users/",
    "icon": "",
    "component": "",
    "path": "",
    "redirect": "",
    "is_visible": true
  }
},
{
  "model": "system.permission",
  "pk": 24,
  "fields": {
    "create_time": "2022-12-12T00:22:59.941",
    "update_time": "2022-12-12T00:22:59.941",
    "creator": "",
    "modifier": "",
    "title": "查询用户详情",
    "parent": 4,
    "is_menu": false,
    "method": "GET",
    "url_path": "/system/users/\\d+/",
    "icon": "",
    "component": "",
    "path": "",
    "redirect": "",
    "is_visible": true
  }
},
{
  "model": "system.permission",
  "pk": 25,
  "fields": {
    "create_time": "2022-12-12T00:23:28.885",
    "update_time": "2022-12-12T00:23:28.885",
    "creator": "",
    "modifier": "",
    "title": "修改用户",
    "parent": 4,
    "is_menu": false,
    "method": "PUT",
    "url_path": "/system/users/\\d+/",
    "icon": "",
    "component": "",
    "path": "",
    "redirect": "",
    "is_visible": true
  }
},
{
  "model": "system.permission",
  "pk": 26,
  "fields": {
    "create_time": "2022-12-12T00:24:08.036",
    "update_time": "2022-12-12T00:24:08.036",
    "creator": "",
    "modifier": "",
    "title": "修改用户部分信息",
    "parent": 4,
    "is_menu": false,
    "method": "PATCH",
    "url_path": "/system/users/\\d+/",
    "icon": "",
    "component": "",
    "path": "",
    "redirect": "",
    "is_visible": true
  }
},
{
  "model": "system.permission",
  "pk": 27,
  "fields": {
    "create_time": "2022-12-12T00:24:36.453",
    "update_time": "2022-12-12T00:24:36.453",
    "creator": "",
    "modifier": "",
    "title": "删除用户",
    "parent": 4,
    "is_menu": false,
    "method": "DELETE",
    "url_path": "/system/users/\\d+/",
    "icon": "",
    "component": "",
    "path": "",
    "redirect": "",
    "is_visible": true
  }
},
{
  "model": "system.permission",
  "pk": 28,
  "fields": {
    "create_time": "2022-12-12T00:25:28.888",
    "update_time": "2022-12-12T00:25:28.888",
    "creator": "",
    "modifier": "",
    "title": "新增角色",
    "parent": 3,
    "is_menu": false,
    "method": "POST",
    "url_path": "/system/roles/",
    "icon": "",
    "component": "",
    "path": "",
    "redirect": "",
    "is_visible": true
  }
},
{
  "model": "system.permission",
  "pk": 29,
  "fields": {
    "create_time": "2022-12-12T00:25:46.633",
    "update_time": "2022-12-12T00:25:46.633",
    "creator": "",
    "modifier": "",
    "title": "查询角色列表",
    "parent": 3,
    "is_menu": false,
    "method": "GET",
    "url_path": "/system/roles/",
    "icon": "",
    "component": "",
    "path": "",
    "redirect": "",
    "is_visible": true
  }
},
{
  "model": "system.permission",
  "pk": 30,
  "fields": {
    "create_time": "2022-12-12T00:26:25.507",
    "update_time": "2022-12-12T00:26:25.507",
    "creator": "",
    "modifier": "",
    "title": "查询角色详情",
    "parent": 3,
    "is_menu": false,
    "method": "GET",
    "url_path": "/system/roles/\\d+/",
    "icon": "",
    "component": "",
    "path": "",
    "redirect": "",
    "is_visible": true
  }
},
{
  "model": "system.permission",
  "pk": 31,
  "fields": {
    "create_time": "2022-12-12T00:26:48.424",
    "update_time": "2022-12-12T00:26:48.424",
    "creator": "",
    "modifier": "",
    "title": "修改角色",
    "parent": 3,
    "is_menu": false,
    "method": "PUT",
    "url_path": "/system/roles/\\d+/",
    "icon": "",
    "component": "",
    "path": "",
    "redirect": "",
    "is_visible": true
  }
},
{
  "model": "system.permission",
  "pk": 32,
  "fields": {
    "create_time": "2022-12-12T00:27:05.600",
    "update_time": "2022-12-12T00:27:05.600",
    "creator": "",
    "modifier": "",
    "title": "修改角色部分信息",
    "parent": 3,
    "is_menu": false,
    "method": "PATCH",
    "url_path": "/system/roles/\\d+/",
    "icon": "",
    "component": "",
    "path": "",
    "redirect": "",
    "is_visible": true
  }
},
{
  "model": "system.permission",
  "pk": 33,
  "fields": {
    "create_time": "2022-12-12T00:27:36.110",
    "update_time": "2022-12-12T00:27:36.110",
    "creator": "",
    "modifier": "",
    "title": "删除角色",
    "parent": 3,
    "is_menu": false,
    "method": "DELETE",
    "url_path": "/system/roles/\\d+/",
    "icon": "",
    "component": "",
    "path": "",
    "redirect": "",
    "is_visible": true
  }
},
{
  "model": "system.permission",
  "pk": 34,
  "fields": {
    "create_time": "2023-01-12T23:13:55.878",
    "update_time": "2023-01-12T23:21:02.630",
    "creator": "admin",
    "modifier": "admin",
    "title": "项目管理",
    "parent": null,
    "is_menu": true,
    "method": "",
    "url_path": "",
    "icon": "project-outlined",
    "component": "@/layout/BasicLayout.vue",
    "path": "/pm",
    "redirect": "projects/list",
    "is_visible": true
  }
},
{
  "model": "system.permission",
  "pk": 35,
  "fields": {
    "create_time": "2023-01-12T23:15:02.113",
    "update_time": "2023-01-12T23:27:09.860",
    "creator": "admin",
    "modifier": "admin",
    "title": "项目列表",
    "parent": 34,
    "is_menu": true,
    "method": "",
    "url_path": "",
    "icon": "unordered-list-outlined",
    "component": "@/views/pm/project/ProjectList.vue",
    "path": "projects/list",
    "redirect": "",
    "is_visible": true
  }
},
{
  "model": "system.permission",
  "pk": 36,
  "fields": {
    "create_time": "2023-01-12T23:15:56.507",
    "update_time": "2023-01-12T23:15:56.507",
    "creator": "admin",
    "modifier": "admin",
    "title": "新增项目",
    "parent": 35,
    "is_menu": false,
    "method": "POST",
    "url_path": "/pm/projects/",
    "icon": "",
    "component": "",
    "path": "",
    "redirect": "",
    "is_visible": true
  }
},
{
  "model": "system.permission",
  "pk": 37,
  "fields": {
    "create_time": "2023-01-12T23:16:22.944",
    "update_time": "2023-01-12T23:16:22.944",
    "creator": "admin",
    "modifier": "admin",
    "title": "删除项目",
    "parent": 35,
    "is_menu": false,
    "method": "DELETE",
    "url_path": "/pm/projects/\\d+/",
    "icon": "",
    "component": "",
    "path": "",
    "redirect": "",
    "is_visible": true
  }
},
{
  "model": "system.permission",
  "pk": 38,
  "fields": {
    "create_time": "2023-01-12T23:16:47.318",
    "update_time": "2023-01-12T23:16:47.318",
    "creator": "admin",
    "modifier": "admin",
    "title": "修改项目",
    "parent": 35,
    "is_menu": false,
    "method": "PUT",
    "url_path": "/pm/projects/\\d+/",
    "icon": "",
    "component": "",
    "path": "",
    "redirect": "",
    "is_visible": true
  }
},
{
  "model": "system.permission",
  "pk": 39,
  "fields": {
    "create_time": "2023-01-12T23:17:07.273",
    "update_time": "2023-01-12T23:17:07.273",
    "creator": "admin",
    "modifier": "admin",
    "title": "修改项目部分信息",
    "parent": 35,
    "is_menu": false,
    "method": "PATCH",
    "url_path": "/pm/projects/\\d+/",
    "icon": "",
    "component": "",
    "path": "",
    "redirect": "",
    "is_visible": true
  }
},
{
  "model": "system.permission",
  "pk": 40,
  "fields": {
    "create_time": "2023-01-12T23:17:41.662",
    "update_time": "2023-01-12T23:17:41.662",
    "creator": "admin",
    "modifier": "admin",
    "title": "查询项目详情",
    "parent": 35,
    "is_menu": false,
    "method": "GET",
    "url_path": "/pm/projects/\\d+/",
    "icon": "",
    "component": "",
    "path": "",
    "redirect": "",
    "is_visible": true
  }
},
{
  "model": "system.permission",
  "pk": 41,
  "fields": {
    "create_time": "2023-01-12T23:18:02.916",
    "update_time": "2023-01-12T23:18:02.916",
    "creator": "admin",
    "modifier": "admin",
    "title": "查询项目列表",
    "parent": 35,
    "is_menu": false,
    "method": "GET",
    "url_path": "/pm/projects/",
    "icon": "",
    "component": "",
    "path": "",
    "redirect": "",
    "is_visible": true
  }
},
{
  "model": "system.permission",
  "pk": 42,
  "fields": {
    "create_time": "2023-01-12T23:23:28.208",
    "update_time": "2023-01-12T23:23:28.208",
    "creator": "admin",
    "modifier": "admin",
    "title": "查询所有用户列表",
    "parent": 4,
    "is_menu": false,
    "method": "GET",
    "url_path": "/system/users/all/",
    "icon": "",
    "component": "",
    "path": "",
    "redirect": "",
    "is_visible": true
  }
},
{
  "model": "system.role",
  "pk": 1,
  "fields": {
    "create_time": "2022-12-11T23:45:23.748",
    "update_time": "2023-01-12T23:23:38.364",
    "creator": "",
    "modifier": "admin",
    "name": "admin",
    "desc": "超级管理员角色",
    "permissions": [
      1,
      2,
      3,
      4,
      5,
      6,
      7,
      8,
      9,
      10,
      11,
      12,
      14,
      15,
      16,
      17,
      18,
      19,
      20,
      21,
      22,
      23,
      24,
      25,
      26,
      27,
      28,
      29,
      30,
      31,
      32,
      33,
      34,
      35,
      36,
      37,
      38,
      39,
      40,
      41,
      42
    ]
  }
},
{
  "model": "system.role",
  "pk": 2,
  "fields": {
    "create_time": "2022-12-11T23:46:07.126",
    "update_time": "2023-01-09T00:30:19.415",
    "creator": "",
    "modifier": "",
    "name": "user",
    "desc": "普通用户角色",
    "permissions": [
      1,
      6
    ]
  }
},
{
  "model": "system.organization",
  "pk": 1,
  "fields": {
    "create_time": "2022-12-12T00:54:35.938",
    "update_time": "2022-12-12T00:54:35.938",
    "creator": "",
    "modifier": "",
    "name": "北京太极无限科技有限公司",
    "type": "company",
    "parent": null
  }
},
{
  "model": "system.organization",
  "pk": 2,
  "fields": {
    "create_time": "2022-12-12T00:54:53.995",
    "update_time": "2022-12-12T00:54:53.995",
    "creator": "",
    "modifier": "",
    "name": "研发部",
    "type": "department",
    "parent": 1
  }
},
{
  "model": "system.organization",
  "pk": 3,
  "fields": {
    "create_time": "2022-12-12T00:55:27.444",
    "update_time": "2022-12-12T00:55:27.444",
    "creator": "",
    "modifier": "",
    "name": "前端组",
    "type": "department",
    "parent": 2
  }
},
{
  "model": "system.organization",
  "pk": 4,
  "fields": {
    "create_time": "2022-12-12T00:55:38.856",
    "update_time": "2022-12-12T00:55:38.856",
    "creator": "",
    "modifier": "",
    "name": "后端组",
    "type": "department",
    "parent": 2
  }
},
{
  "model": "system.organization",
  "pk": 5,
  "fields": {
    "create_time": "2022-12-12T00:55:45.577",
    "update_time": "2022-12-12T00:55:45.577",
    "creator": "",
    "modifier": "",
    "name": "测试组",
    "type": "department",
    "parent": 2
  }
},
{
  "model": "system.organization",
  "pk": 6,
  "fields": {
    "create_time": "2023-01-12T23:28:14.240",
    "update_time": "2023-01-12T23:28:14.240",
    "creator": "admin",
    "modifier": "admin",
    "name": "UI组",
    "type": "department",
    "parent": 2
  }
},
{
  "model": "system.organization",
  "pk": 7,
  "fields": {
    "create_time": "2023-01-12T23:28:23.612",
    "update_time": "2023-01-12T23:28:23.612",
    "creator": "admin",
    "modifier": "admin",
    "name": "产品组",
    "type": "department",
    "parent": 2
  }
},
{
  "model": "system.organization",
  "pk": 8,
  "fields": {
    "create_time": "2023-01-12T23:28:35.176",
    "update_time": "2023-01-12T23:28:35.176",
    "creator": "admin",
    "modifier": "admin",
    "name": "运维组",
    "type": "department",
    "parent": 2
  }
},
{
  "model": "system.user",
  "pk": 1,
  "fields": {
    "password": "pbkdf2_sha256$260000$VRSiTDFUDYCpmNEA7dTT3E$NmNIQOunPxtgaHFqAM99obpUmQUVuFwhybmYdjrMSRg=",
    "last_login": null,
    "is_superuser": true,
    "username": "admin",
    "first_name": "",
    "last_name": "",
    "email": "admin@qq.com",
    "is_staff": true,
    "is_active": true,
    "date_joined": "2022-12-11T20:15:20.251",
    "name": "周立齐",
    "birthday": null,
    "gender": "female",
    "mobile": "",
    "avatar": "avatars/ninja.png",
    "department": null,
    "position": "网络流行语`打工是不可能打工的`创造者",
    "groups": [],
    "user_permissions": [],
    "roles": [
      1
    ]
  }
},
{
  "model": "system.user",
  "pk": 2,
  "fields": {
    "password": "pbkdf2_sha256$260000$0A26y9B35CgknhkkpqQaOw$jrG+gSRrFQ5JLBxQ61i/VuyJ5p21Px07UmOw/Ca7xUo=",
    "last_login": null,
    "is_superuser": false,
    "username": "test",
    "first_name": "",
    "last_name": "",
    "email": "test@qq.com",
    "is_staff": false,
    "is_active": true,
    "date_joined": "2022-12-12T00:37:04.165",
    "name": "马保国",
    "birthday": "1999-03-16",
    "gender": "male",
    "mobile": "",
    "avatar": "avatars/ninja.png",
    "department": null,
    "position": "浑元形意太极拳掌门人",
    "groups": [],
    "user_permissions": [],
    "roles": [
      2
    ]
  }
},
{
  "model": "system.user",
  "pk": 3,
  "fields": {
    "password": "pbkdf2_sha256$260000$Cf7JYx1U7cbBwg7lNB9CoZ$QwbAnJUSkoqDr+4GnlyVMNKH3ZFavXnkK/AnLiZeIj8=",
    "last_login": null,
    "is_superuser": false,
    "username": "sam",
    "first_name": "",
    "last_name": "",
    "email": "sam@qq.com",
    "is_staff": false,
    "is_active": true,
    "date_joined": "2023-01-12T23:29:17.648",
    "name": "山姆",
    "birthday": null,
    "gender": "male",
    "mobile": "",
    "avatar": "avatars/brave.png",
    "department": 3,
    "position": "前端开发工程师",
    "groups": [],
    "user_permissions": [],
    "roles": [
      2
    ]
  }
},
{
  "model": "system.user",
  "pk": 4,
  "fields": {
    "password": "pbkdf2_sha256$260000$y9ujfA3uwvuWXKKmyZSgLQ$SG+TP4XDdAga+xSuJLlVZuJZy4djTO3himbCuFuLLnY=",
    "last_login": null,
    "is_superuser": false,
    "username": "jack",
    "first_name": "",
    "last_name": "",
    "email": "jack@qq.com",
    "is_staff": false,
    "is_active": true,
    "date_joined": "2023-01-12T23:29:47.871",
    "name": "杰克",
    "birthday": null,
    "gender": "male",
    "mobile": "",
    "avatar": "avatars/brave.png",
    "department": 4,
    "position": "后端开发工程师",
    "groups": [],
    "user_permissions": [],
    "roles": [
      2
    ]
  }
},
{
  "model": "system.user",
  "pk": 5,
  "fields": {
    "password": "pbkdf2_sha256$260000$D4tOfzO21gk4IeUD2C6dIh$GZDgsWqlnk16HzF4UcdGBk1eKFb0FCq/ITjBj2fg7TU=",
    "last_login": null,
    "is_superuser": false,
    "username": "mary",
    "first_name": "",
    "last_name": "",
    "email": "mary@qq.com",
    "is_staff": false,
    "is_active": true,
    "date_joined": "2023-01-12T23:30:20.898",
    "name": "玛丽",
    "birthday": null,
    "gender": "male",
    "mobile": "",
    "avatar": "avatars/brave.png",
    "department": 7,
    "position": "产品经理",
    "groups": [],
    "user_permissions": [],
    "roles": [
      1,
      2
    ]
  }
},
{
  "model": "system.user",
  "pk": 6,
  "fields": {
    "password": "pbkdf2_sha256$260000$RD3XnaXczYUYIEoKD9597A$qNJI4o5vXV2bZuEI9d+vOYg0SuHQ20YA+FX7YzYW/0U=",
    "last_login": null,
    "is_superuser": false,
    "username": "alex",
    "first_name": "",
    "last_name": "",
    "email": "alex@qq.com",
    "is_staff": false,
    "is_active": true,
    "date_joined": "2023-01-12T23:31:54.324",
    "name": "亚历克斯",
    "birthday": null,
    "gender": "male",
    "mobile": "",
    "avatar": "avatars/brave.png",
    "department": 6,
    "position": "UI设计师",
    "groups": [],
    "user_permissions": [],
    "roles": [
      2
    ]
  }
},
{
  "model": "system.user",
  "pk": 7,
  "fields": {
    "password": "pbkdf2_sha256$260000$1WTiwIL0MCBY8Ajm13BmPE$olvqx13L928pNg5V5vwDk7yejXyE4W1KmrQ1WtdddCY=",
    "last_login": null,
    "is_superuser": false,
    "username": "ben",
    "first_name": "",
    "last_name": "",
    "email": "ben@qq.com",
    "is_staff": false,
    "is_active": true,
    "date_joined": "2023-01-12T23:32:19.216",
    "name": "本",
    "birthday": null,
    "gender": "male",
    "mobile": "",
    "avatar": "avatars/brave.png",
    "department": 5,
    "position": "测试工程师",
    "groups": [],
    "user_permissions": [],
    "roles": [
      2
    ]
  }
},
{
  "model": "system.user",
  "pk": 8,
  "fields": {
    "password": "pbkdf2_sha256$260000$OTUusZUyQuR725d5doG9V2$EwtDA7wx5MuNQqGmTIgzGy+f1qPLESf3nUSefBeuagg=",
    "last_login": null,
    "is_superuser": false,
    "username": "bill",
    "first_name": "",
    "last_name": "",
    "email": "bill@qq.com",
    "is_staff": false,
    "is_active": true,
    "date_joined": "2023-01-12T23:32:51.321",
    "name": "比尔",
    "birthday": null,
    "gender": "male",
    "mobile": "",
    "avatar": "avatars/brave.png",
    "department": 8,
    "position": "运维工程师",
    "groups": [],
    "user_permissions": [],
    "roles": [
      2
    ]
  }
},
{
  "model": "system.user",
  "pk": 9,
  "fields": {
    "password": "pbkdf2_sha256$260000$16MPdiDJMXSDfm1dllY4s3$F8dx8EVjhk0zZ1OwG/iIwc9akDM24KIUKAs/l1Z15ng=",
    "last_login": null,
    "is_superuser": false,
    "username": "cody",
    "first_name": "",
    "last_name": "",
    "email": "cody@qq.com",
    "is_staff": false,
    "is_active": true,
    "date_joined": "2023-01-12T23:33:23.413",
    "name": "科迪",
    "birthday": null,
    "gender": "male",
    "mobile": "",
    "avatar": "avatars/brave.png",
    "department": 4,
    "position": "后端开发工程师",
    "groups": [],
    "user_permissions": [],
    "roles": [
      2
    ]
  }
},
{
  "model": "system.user",
  "pk": 10,
  "fields": {
    "password": "pbkdf2_sha256$260000$r2f26AuzDY1GmJcvWaowSs$z+0vHye78+TDu1ivIgT7zpc2AqyVGDl8SlQu22+hFPY=",
    "last_login": null,
    "is_superuser": false,
    "username": "carl",
    "first_name": "",
    "last_name": "",
    "email": "carl@qq.com",
    "is_staff": false,
    "is_active": true,
    "date_joined": "2023-01-12T23:34:03.173",
    "name": "卡尔",
    "birthday": null,
    "gender": "male",
    "mobile": "",
    "avatar": "avatars/brave.png",
    "department": 5,
    "position": "测试工程师",
    "groups": [],
    "user_permissions": [],
    "roles": [
      2
    ]
  }
},
{
  "model": "system.user",
  "pk": 11,
  "fields": {
    "password": "pbkdf2_sha256$260000$Q88Sn6kfR3KbXFappJHrJ3$tfiQ4j6Dnk/E5wMbZRwjlKlNR2ONDQ6iDxMxbzNdnsA=",
    "last_login": null,
    "is_superuser": false,
    "username": "jerry",
    "first_name": "",
    "last_name": "",
    "email": "jerry@qq.com",
    "is_staff": false,
    "is_active": true,
    "date_joined": "2023-01-12T23:34:52.071",
    "name": "杰瑞",
    "birthday": null,
    "gender": "male",
    "mobile": "",
    "avatar": "avatars/brave.png",
    "department": 3,
    "position": "前端工程师",
    "groups": [],
    "user_permissions": [],
    "roles": [
      2
    ]
  }
},
{
  "model": "system.user",
  "pk": 12,
  "fields": {
    "password": "pbkdf2_sha256$260000$g1j0Uekdl2QS3iLVaTisIE$KYrvfRI+hFPhy/OXdrXC4O+qEIBfYDDkrMWOKPGlLo4=",
    "last_login": null,
    "is_superuser": false,
    "username": "peter",
    "first_name": "",
    "last_name": "",
    "email": "peter@qq.com",
    "is_staff": false,
    "is_active": true,
    "date_joined": "2023-01-12T23:35:58.616",
    "name": "皮特",
    "birthday": null,
    "gender": "male",
    "mobile": "",
    "avatar": "avatars/brave.png",
    "department": 4,
    "position": "后端开发工程师",
    "groups": [],
    "user_permissions": [],
    "roles": [
      1,
      2
    ]
  }
},
{
  "model": "project.project",
  "pk": 1,
  "fields": {
    "create_time": "2023-01-12T23:52:28.142",
    "update_time": "2023-01-12T23:52:28.142",
    "creator": "admin",
    "modifier": "admin",
    "name": "数据工厂项目",
    "owner": "mary",
    "status": 0,
    "members": []
  }
},
{
  "model": "project.project",
  "pk": 2,
  "fields": {
    "create_time": "2023-01-12T23:53:34.023",
    "update_time": "2023-01-12T23:53:34.023",
    "creator": "admin",
    "modifier": "admin",
    "name": "用户画像项目",
    "owner": "peter",
    "status": 0,
    "members": []
  }
}
]
